Workbook
Name 공동주택동의수: 요약!#REF!
Name 공동주택토지등소유자: 요약!#REF!
Name 기타동의수: 요약!#REF!
Name 기타토지등소유자: 요약!#REF!
Name 단독_다가구동의수: 요약!#REF!
Name 단독_다가구토지등소유자: 요약!#REF!
Name 도로보정배율: 통합!$CM$3
Name 배당환산금: 통합!$BQ$3
Name 집합건축물보정배율: #REF!
Name 집합건축물보정배율: 통합!$CK$3
Name 토지등소유자: 요약!#REF!
Name 토지보정배율: #REF!
Name 토지보정배율: 통합!$CJ$3
Name 토지평당환산액: 통합!$BQ$3

Sheet 요약
B1: 구분소유자 | F1: 토지면적
A2: 구분 | B2: 구분소유자 | D2: 참석수/소유자(전체소유자) | E2: 참석수/소유자(유형별 ) | F2: 토지면적 | H2: 참석자 면적/전체소유자(토지) | I2: 참석자 면적/유형별소유자(토지) | J2: 공부상면적 | K2: 동의수 | L2: 용도별 동의율 | M2: 전체 동의중 용도별 동의율 | N2: 소유자 거주비율 | P2: 인근지역 거주비율 | R2: 외지인 비율 | T2: 40대 미만 | U2: 40대 | V2: 50대 | W2: 60대 | X2: 70대 | Y2: 80대 이상 | Z2: 용도별 건축물 | AA2: 용도별 노후 건축물 | AB2: 노후도 | AC2: 전체토지면적 동의율 | AD2: 노후건축물 소유자 동의율 | AE2: 공동주택 외 토지면적 동의율 | AF2: 공동주택 동별 과반 동의율
A3: 공동주택 | B3: {=COUNTA(_xlfn.UNIQUE(_xlfn._xlws.FILTER(표3[연번],ISNUMBER(SEARCH("공동",표3[주용도])))))-1} -> 85 | C3: =B3/$B$7 -> 0.84158416 | D3: {=IFERROR(ROWS(_xlfn.UNIQUE(_xlfn._xlws.FILTER(표3[성 명], (ISNUMBER(SEARCH("공동", 표3[주용도]))) * ((표3[1차설명회 참석자]="O") + (표3[2차설명회 참석자]="O") > 0)))), 0) / B7} -> 0.34653465 | E3: {=IFERROR(ROWS(_xlfn.UNIQUE(_xlfn._xlws.FILTER(표3[성 명], (ISNUMBER(SEARCH("공동", 표3[주용도]))) * ((표3[1차설명회 참석자]="O") + (표3[2차설명회 참석자]="O") > 0)))) / ROWS(_xlfn.UNIQUE(_xlfn._xlws.FILTER(표3[성 명], ISNUMBER(SEARCH("공동", 표3[주용도]))))), 0)} -> 0.40697674 | F3: =SUMIF(표3[주용도],"*공동*",표3[편입면적]) -> 4341.328 | G3: =F3/$F$7 -> 0.54240646 | H3: {=SUMPRODUCT((ISNUMBER(SEARCH("공동", 표3[주용도]))) * ((표3[1차설명회 참석자]="O") + (표3[2차설명회 참석자]="O") > 0), 표3[편입면적])/F7} -> 0.22808923 | I3: {=SUMPRODUCT((ISNUMBER(SEARCH("공동", 표3[주용도]))) * ((표3[1차설명회 참석자]="O") + (표3[2차설명회 참석자]="O") > 0), 표3[편입면적])/F3} -> 0.42051349 | J3: - | K3: =COUNTIFS(표3[주용도],"*공동*",표3[조합설립동의서],"O") -> 19 | L3: =K3/B3 -> 0.22352941 | M3: =K3/$B$7 -> 0.18811881 | N3: =COUNTIFS(표3[주용도],"*공동*",표3[거주중],"O") -> 36 | O3: =N3/B3 -> 0.42352941 | P3: {=COUNTA( _xlfn.UNIQUE( _xlfn._xlws.FILTER( 표3[연번], (표3[연번]<>"") * ISNUMBER(SEARCH("공동", 표3[주용도])) * (LEN(TRIM(표3[거주중]))=0) * (표3[분류2]="송파구") ) ) )} -> 38 | Q3: =P3/B3 -> 0.44705882 | R3: {=COUNTA(_xlfn.UNIQUE(_xlfn._xlws.FILTER(표3[연번], (표3[연번]<>"")*(LEN(TRIM(표3[거주중]))=0)*NOT(ISNUMBER(SEARCH("송파구",표3[분류2])))* ISNUMBER(SEARCH("공동",표3[주용도]))*NOT(ISNUMBER(SEARCH("단독",표3[주용도]))) )))} -> 15 | S3: =R3/B3 -> 0.17647059 | T3: {=COUNTA(_xlfn.UNIQUE(_xlfn._xlws.FILTER( 표3[연번], (표3[연번]<>"")* (표3[연령]="40대 미만")* ISNUMBER(SEARCH("공동",표3[주용도]))* NOT(ISNUMBER(SEARCH("단독",표3[주용도]))) )))/$B$3} -> 0.082352941 | U3: {=COUNTA(_xlfn.UNIQUE(_xlfn._xlws.FILTER( 표3[연번], (표3[연번]<>"")* (표3[연령]="40대")* ISNUMBER(SEARCH("공동",표3[주용도]))* NOT(ISNUMBER(SEARCH("단독",표3[주용도]))) )))/$B$3} -> 0.082352941 | V3: {=COUNTA(_xlfn.UNIQUE(_xlfn._xlws.FILTER( 표3[연번], (표3[연번]<>"")* (표3[연령]="50대")* ISNUMBER(SEARCH("공동",표3[주용도]))* NOT(ISNUMBER(SEARCH("단독",표3[주용도]))) )))/$B$3} -> 0.18823529 | W3: {=COUNTA(_xlfn.UNIQUE(_xlfn._xlws.FILTER( 표3[연번], (표3[연번]<>"")* (표3[연령]="60대")* ISNUMBER(SEARCH("공동",표3[주용도]))* NOT(ISNUMBER(SEARCH("단독",표3[주용도]))) )))/$B$3} -> 0.41176471 | X3: {=COUNTA(_xlfn.UNIQUE(_xlfn._xlws.FILTER( 표3[연번], (표3[연번]<>"")* (표3[연령]="70대")* ISNUMBER(SEARCH("공동",표3[주용도]))* NOT(ISNUMBER(SEARCH("단독",표3[주용도]))) )))/$B$3} -> 0.12941176 | Y3: {=COUNTA(_xlfn.UNIQUE(_xlfn._xlws.FILTER( 표3[연번], (표3[연번]<>"")* (표3[연령]="80대 이상")* ISNUMBER(SEARCH("공동",표3[주용도]))* NOT(ISNUMBER(SEARCH("단독",표3[주용도]))) )))/$B$3} -> 0.070588235 | Z3: =COUNTIFS(표3[주용도],"*공동*",표3[지상2],">0") -> 14 | AA3: =COUNTIFS(표3[주용도],"*공동*",표3[지상2],">0",표3[노후판정],"O") -> 4 | AB3: =AA7/Z7 -> 0.65517241 | AC3: =SUMIF(표3[조합설립동의서],"O",표3[편입면적])/F7 -> 0.088865978 | AD3: =COUNTIFS(표3[조합설립동의서],"O",표3[노후판정],"O")/B7 -> 0
F4: (1219.80㎡) 공동주택중 1인소유 면적 합 | G4: (15.24%)
A5: 단독/다가구 | B5: {=COUNTA(_xlfn.UNIQUE(_xlfn._xlws.FILTER(표3[연번],ISNUMBER(SEARCH("단독",표3[주용도])))))} -> 10 | C5: =B5/$B$7 -> 0.099009901 | D5: {=(SUMPRODUCT((ISNUMBER(SEARCH("단독", 표3[주용도]))) * ((표3[1차설명회 참석자]="O") + (표3[2차설명회 참석자]="O") > 0)))/B7} -> 0.02970297 | E5: {=(SUMPRODUCT((ISNUMBER(SEARCH("단독", 표3[주용도]))) * ((표3[1차설명회 참석자]="O") + (표3[2차설명회 참석자]="O") > 0)))/B5} -> 0.3 | F5: =SUMIF(표3[주용도],"*단독*",표3[편입면적]) -> 1825.5 | G5: =F5/$F$7 -> 0.22807836 | H5: {=(SUMPRODUCT((ISNUMBER(SEARCH("단독", 표3[주용도]))) * ((표3[1차설명회 참석자]="O") + (표3[2차설명회 참석자]="O") > 0), 표3[편입면적]))/F7} -> 0.064019367 | I5: {=(SUMPRODUCT((ISNUMBER(SEARCH("단독", 표3[주용도]))) * ((표3[1차설명회 참석자]="O") + (표3[2차설명회 참석자]="O") > 0), 표3[편입면적]))/F5} -> 0.28069022 | J5: - | K5: =COUNTIFS(표3[주용도],"*단독*",표3[조합설립동의서],"O") -> 0 | L5: =K5/B5 -> 0 | M5: =K5/$B$7 -> 0 | N5: =COUNTIFS(표3[주용도],"*단독*",표3[거주중],"O") -> 5 | O5: =N5/B5 -> 0.5 | P5: {=COUNTA( _xlfn.UNIQUE( _xlfn._xlws.FILTER( 표3[연번], (표3[연번]<>"") * ISNUMBER(SEARCH("단독", 표3[주용도])) * (LEN(TRIM(표3[거주중]))=0) * (표3[분류2]="송파구") ) ) )} -> 2 | Q5: =P5/B5 -> 0.2 | R5: {=COUNTA(_xlfn.UNIQUE(_xlfn._xlws.FILTER(표3[연번], (표3[연번]<>"")*(LEN(TRIM(표3[거주중]))=0)*NOT(ISNUMBER(SEARCH("송파구",표3[분류2])))* ISNUMBER(SEARCH("단독",표3[주용도]))*NOT(ISNUMBER(SEARCH("공동",표3[주용도]))) )))} -> 3 | S5: =R5/B5 -> 0.3 | T5: {=COUNTA(_xlfn.UNIQUE(_xlfn._xlws.FILTER( 표3[연번], (표3[연번]<>"")* (표3[연령]="40대 미만")* ISNUMBER(SEARCH("단독",표3[주용도]))* NOT(ISNUMBER(SEARCH("공동",표3[주용도]))) )))/$B$5} -> 0.1 | U5: {=COUNTA(_xlfn.UNIQUE(_xlfn._xlws.FILTER( 표3[연번], (표3[연번]<>"")* (표3[연령]="40대")* ISNUMBER(SEARCH("단독",표3[주용도]))* NOT(ISNUMBER(SEARCH("공동",표3[주용도]))) )))/$B$5} -> 0.1 | V5: {=COUNTA(_xlfn.UNIQUE(_xlfn._xlws.FILTER( 표3[연번], (표3[연번]<>"")* (표3[연령]="50대")* ISNUMBER(SEARCH("단독",표3[주용도]))* NOT(ISNUMBER(SEARCH("공동",표3[주용도]))) )))/$B$5} -> 0.3 | W5: {=COUNTA(_xlfn.UNIQUE(_xlfn._xlws.FILTER( 표3[연번], (표3[연번]<>"")* (표3[연령]="60대")* ISNUMBER(SEARCH("단독",표3[주용도]))* NOT(ISNUMBER(SEARCH("공동",표3[주용도]))) )))/$B$5} -> 0.2 | X5: {=COUNTA(_xlfn.UNIQUE(_xlfn._xlws.FILTER( 표3[연번], (표3[연번]<>"")* (표3[연령]="70대")* ISNUMBER(SEARCH("단독",표3[주용도]))* NOT(ISNUMBER(SEARCH("공동",표3[주용도]))) )))/$B$5} -> 0.2 | Y5: {=COUNTA(_xlfn.UNIQUE(_xlfn._xlws.FILTER( 표3[연번], (표3[연번]<>"")* (표3[연령]="80대 이상")* ISNUMBER(SEARCH("단독",표3[주용도]))* NOT(ISNUMBER(SEARCH("공동",표3[주용도]))) )))/$B$5} -> 0.2 | Z5: =COUNTIFS(표3[주용도],"*단독*",표3[지상2],">0") -> 10 | AA5: =COUNTIFS(표3[주용도],"*단독*",표3[지상2],">0",표3[노후판정],"O") -> 10
A6: 상가/기타 | B6: {=COUNTA(_xlfn.UNIQUE(_xlfn._xlws.FILTER(표3[연번],NOT(ISNUMBER(SEARCH("단독",표3[주용도])))*NOT(ISNUMBER(SEARCH("공동",표3[주용도]))))))} -> 6 | C6: =B6/$B$7 -> 0.059405941 | D6: {=(SUMPRODUCT((ISERROR(SEARCH("공동", 표3[주용도]))) * (ISERROR(SEARCH("단독", 표3[주용도]))) * ((표3[1차설명회 참석자]="O") + (표3[2차설명회 참석자]="O") > 0)))/B7} -> 0.01980198 | E6: {=(SUMPRODUCT((ISERROR(SEARCH("공동", 표3[주용도]))) * (ISERROR(SEARCH("단독", 표3[주용도]))) * ((표3[1차설명회 참석자]="O") + (표3[2차설명회 참석자]="O") > 0)))/B6} -> 0.33333333 | F6: =SUMIFS(표3[편입면적],표3[주용도],"<>*단독*",표3[주용도],"<>*공동*") -> 1837 | G6: =F6/$F$7 -> 0.22951518 | H6: {=(SUMPRODUCT((ISERROR(SEARCH("공동", 표3[주용도]))) * (ISERROR(SEARCH("단독", 표3[주용도]))) * ((표3[1차설명회 참석자]="O") + (표3[2차설명회 참석자]="O") > 0), 표3[편입면적]))/F7} -> 0.070103955 | I6: {=(SUMPRODUCT((ISERROR(SEARCH("공동", 표3[주용도]))) * (ISERROR(SEARCH("단독", 표3[주용도]))) * ((표3[1차설명회 참석자]="O") + (표3[2차설명회 참석자]="O") > 0), 표3[편입면적]))/F6} -> 0.30544366 | J6: - | K6: =COUNTIFS(표3[주용도],"<>*단독*",표3[주용도],"<>*공동*",표3[조합설립동의서],"O") -> 0 | L6: =K6/B6 -> 0 | M6: =K6/$B$7 -> 0 | N6: =COUNTIFS(표3[주용도],"<>*공동*",표3[주용도],"<>*단독*",표3[거주중],"O") -> 1 | O6: =N6/B6 -> 0.16666667 | P6: {=COUNTA(_xlfn.UNIQUE(_xlfn._xlws.FILTER(표3[연번], (표3[연번]<>"")*(LEN(TRIM(표3[거주중]))=0)*(표3[분류2]="송파구")* NOT(ISNUMBER(SEARCH("공동",표3[주용도])))* NOT(ISNUMBER(SEARCH("단독",표3[주용도]))) )))} -> 2 | Q6: =P6/B6 -> 0.33333333 | R6: {=COUNTA(_xlfn.UNIQUE(_xlfn._xlws.FILTER(표3[연번], (표3[연번]<>"")*(LEN(TRIM(표3[거주중]))=0)*NOT(ISNUMBER(SEARCH("송파구",표3[분류2])))* NOT(ISNUMBER(SEARCH("공동",표3[주용도])))* NOT(ISNUMBER(SEARCH("단독",표3[주용도]))) )))} -> 3 | S6: =R6/B6 -> 0.5 | T6: {=COUNTA(_xlfn.UNIQUE(_xlfn._xlws.FILTER( 표3[연번], (표3[연번]<>"")* (표3[연령]="40대 미만")* NOT(ISNUMBER(SEARCH("공동",표3[주용도])))* NOT(ISNUMBER(SEARCH("단독",표3[주용도]))) )))/$B$6} -> 0.16666667 | U6: {=COUNTA(_xlfn.UNIQUE(_xlfn._xlws.FILTER( 표3[연번], (표3[연번]<>"")* (표3[연령]="40대")* NOT(ISNUMBER(SEARCH("공동",표3[주용도])))* NOT(ISNUMBER(SEARCH("단독",표3[주용도]))) )))/$B$6} -> 0.16666667 | V6: {=COUNTA(_xlfn.UNIQUE(_xlfn._xlws.FILTER( 표3[연번], (표3[연번]<>"")* (표3[연령]="50대")* NOT(ISNUMBER(SEARCH("공동",표3[주용도])))* NOT(ISNUMBER(SEARCH("단독",표3[주용도]))) )))/$B$6} -> 0.16666667 | W6: {=COUNTA(_xlfn.UNIQUE(_xlfn._xlws.FILTER( 표3[연번], (표3[연번]<>"")* (표3[연령]="60대")* NOT(ISNUMBER(SEARCH("공동",표3[주용도])))* NOT(ISNUMBER(SEARCH("단독",표3[주용도]))) )))/$B$6} -> 0.16666667 | X6: {=COUNTA(_xlfn.UNIQUE(_xlfn._xlws.FILTER( 표3[연번], (표3[연번]<>"")* (표3[연령]="70대")* NOT(ISNUMBER(SEARCH("공동",표3[주용도])))* NOT(ISNUMBER(SEARCH("단독",표3[주용도]))) )))/$B$6} -> 0.16666667 | Y6: {=COUNTA(_xlfn.UNIQUE(_xlfn._xlws.FILTER( 표3[연번], (표3[연번]<>"")* (표3[연령]="80대 이상")* NOT(ISNUMBER(SEARCH("공동",표3[주용도])))* NOT(ISNUMBER(SEARCH("단독",표3[주용도]))) )))/$B$6} -> 0.16666667 | Z6: =COUNTIFS(표3[주용도],"<>*단독*",표3[주용도],"<>*공동*",표3[지상2],">0") -> 5 | AA6: =COUNTIFS(표3[주용도],"<>*공동*",표3[주용도],"<>*단독*",표3[지상2],">0",표3[노후판정],"O") -> 5
A7: 합계 | B7: =SUM(B3:B6) -> 101 | C7: =SUM(C3:C6) -> 1 | D7: =SUM(D3:D6) -> 0.3960396 | F7: =SUM(F3,F5,F6) -> 8003.828 | G7: =SUM(G3,G5,G6) -> 1 | H7: =H3+H5+H6 -> 0.36221256 | I7: {=(((SUMPRODUCT((ISERROR(SEARCH("공동", 표3[주용도]))) * (ISERROR(SEARCH("단독", 표3[주용도]))) * ((표3[1차설명회 참석자]="O") + (표3[2차설명회 참석자]="O") > 0), 표3[편입면적])))+((SUMPRODUCT((ISNUMBER(SEARCH("단독", 표3[주용도]))) * ((표3[1차설명회 참석자]="O") + (표3[2차설명회 참석자]="O") > 0), 표3[편입면적]))))/(F5+F6-통합!R155)} -> 0.33599374 | J7: =SUM(J3:J6) -> 0 | K7: =SUM(K3:K6) -> 19 | L7: - | M7: =K7/B7 -> 0.18811881 | N7: =SUM(N3:N6) -> 42 | O7: =N7/B7 -> 0.41584158 | P7: =SUM(P3:P6) -> 42 | Q7: =P7/B7 -> 0.41584158 | R7: =SUM(R3:R6) -> 21 | S7: =R7/B7 -> 0.20792079 | Z7: =SUM(Z3:Z6) -> 29 | AA7: =SUM(AA3:AA6) -> 19
B8: 전체 토지등소유자의 75% 요건 | F8: 전체 토지 2/3(67%)요건 | I8: 공동주택 외 건축물 면적 50%요건
O14: {=SUMPRODUCT((ISNUMBER(SEARCH("공동", 표3[주용도]))) * ((표3[1차설명회 참석자]="O") + (표3[2차설명회 참석자]="O") > 0), 표3[편입면적])} -> 1825.587
F34: {=(SUMPRODUCT((ISNUMBER(SEARCH("단독", 표3[주용도]))) * ((표3[1차설명회 참석자]="O") + (표3[2차설명회 참석자]="O") > 0), 표3[편입면적]))} -> 512.4 | I34: =2/3 -> 0.66666667
E35: {=(((SUMPRODUCT((ISERROR(SEARCH("공동", 표3[주용도]))) * (ISERROR(SEARCH("단독", 표3[주용도]))) * ((표3[1차설명회 참석자]="O") + (표3[2차설명회 참석자]="O") > 0), 표3[편입면적])))+((SUMPRODUCT((ISNUMBER(SEARCH("단독", 표3[주용도]))) * ((표3[1차설명회 참석자]="O") + (표3[2차설명회 참석자]="O") > 0), 표3[편입면적]))))} -> 1073.5 | F35: {=(SUMPRODUCT((ISERROR(SEARCH("공동", 표3[주용도]))) * (ISERROR(SEARCH("단독", 표3[주용도]))) * ((표3[1차설명회 참석자]="O") + (표3[2차설명회 참석자]="O") > 0), 표3[편입면적]))} -> 561.1 | G35: =F34+F35 -> 1073.5

Sheet 통합
A1: □ 송파구 문정동 28번지일대 가로주택정비사업 토지 건물 조서 | CE1: 부사장님 한글 수지분석 자료(1105자료)
A2: 기본키 | G2: 동의 | Q2: 토 지 | W2: 건 축 물 | AO2: 소유권 | CE2: 토지평당환산액 | CL2: 토지보정배율 | CM2: 집합건축물 보정배율 | CO2: 도로보정배율 | CP2: 자산평가
AC3: 노후도 | AF3: 허가유무 | AG3: 구 조 | AI3: 용 도 | AK3: 세대수 | AM3: 층 수 (지상/지하) | AO3: 소 유 자 | AU3: 거주주유·무 | BF3: 하자내역 | BK3: 지역분포도 | BV3: 건물 | BY3: 집합건물 | CE3: 31110000 | CL3: 1.7 | CM3: 1.8 | CO3: 1.3 | CS3: 종전자산평가금액 | CT3: 분양청산 | DA3: 이주비내역 | DD3: 정산잔금
A4: 공동주택 표시 | B4: 연번 | C4: 본 번 | D4: 부 번 | E4: 건물명 | F4: 호수 | G4: 징구일자 | H4: 징구현황 | I4: 성향 | J4: 대표자동의서 | K4: 조합설립동의서 | L4: 개인정보 | M4: 신분증 | N4: 접촉현황 | O4: 접촉일자 | P4: 상담내용 | Q4: 지목 | R4: 공부면적 | S4: 편입면적 | T4: 대지지분비율 | U4: 과소 필지 | V4: 공유여부 | W4: 전유면적 | X4: 지하 | Y4: 지상,지하 계 | Z4: 연면적 | AA4: 지하층용도 | AB4: 공유여부2 | AC4: 사용승인일자 | AD4: 건물연령 | AE4: 노후판정 | AF4: 허가 | AG4: 주구조 | AH4: 보조구조 | AI4: 주용도 | AJ4: 세부용도 | AK4: 세대수 | AL4: 가구수 | AM4: 지상2 | AN4: 지하3 | AO4: 성 명 | AP4: 연락처 | AQ4: 비고 | AR4: 생년월일 | AS4: 연령 | AT4: 주소 | AU4: 거주중 | AV4: 준비위원 | AW4: 1차 우편 반송자 | AX4: 1차우편 반송사유 | AY4: 2차우편 반송사유 | AZ4: 3차우편 반송자 | BA4: 1차설명회 참석자 | BB4: 2차설명회 참석자 | BC4: 열3 | BD4: 열2 | BE4: 열1 | BF4: 일자 | BG4: 등기원인 | BH4: 내역 | BI4: 금액 | BJ4: 추정실채권액 | BK4: 분류1 | BL4: 분류2 | BM4: 분류3 | BN4: 도로명 | BO4: 내부 확인 | BP4: 내부 확인2 | BQ4: 동+건물명 | BR4: 동명 | BS4: 편입면적3 | BT4: 토지단가 | BU4: 토지가액 | BV4: 주용도4 | BW4: 연면적5 | BX4: 건물가액 | BY4: 주용도6 | BZ4: 전유면적2 | CA4: 대지권면적 | CB4: 집합가액 | CC4: 종전추정가액 | CD4: 권리가액 | CE4: 토지*배당환산금 | CF4: 건물 보정 | CG4: 위치 보정 | CH4: 소형주택 보정 | CI4: 건물구조 보정 | CJ4: 경과년수 보정 | CK4: 평가금액 | CL4: 공시지가 | CM4: 공시가격 | CN4: 토지단가 (평) | CO4: 건물단가 (평) | CP4: 토지가격 | CQ4: 건물가격 | CR4: 종전자산 | CS4: 평가액-f팀 | CT4: 층 | CU4: 호수2 | CV4: 전용면적 | CW4: 계약면적 | CX4: 평가금액 (분양액) | CY4: 입주물건가액 | CZ4: 비고2 | DA4: 기지급 이주비 | DB4: 미지급 이주비 | DC4: 비고3 | DD4: 분양자잔금 | DE4: 대출이자 | DF4: 청산자잔금
B5: 1 | C5: 28 | D5: 0 | F5: 0 | Q5: 대 | R5: 233.3 | S5: 233.3 | T5: =표3[[#This Row],[편입면적]]/(SUM(표3[공부면적])) -> 0.029147926 | U5: O | W5: 341.91 | X5: 113.57 | Y5: 455.48 | Z5: 455.48 | AC5: 1989.10.19 | AD5: 36 | AE5: {=IF(표3[[#This Row],[사용승인일자]]="","", IFERROR( _xlfn.IFS( AND(ISNUMBER(SEARCH("공동",표3[[#This Row],[주용도]])), ISNUMBER(SEARCH("철",표3[[#This Row],[주구조]])), 표3[[#This Row],[건물연령]]>=30), "O", AND(ISNUMBER(SEARCH("공동",표3[[#This Row],[주용도]])), COUNTIF(표3[[#This Row],[주구조]],"<>*철*"), 표3[[#This Row],[건물연령]]>=20), "O", AND(COUNTIF(표3[[#This Row],[주용도]],"<>*공동*"), COUNTIF(표3[[#This Row],[주용도]],"<>*단독*"), ISNUMBER(SEARCH("철",표3[[#This Row],[주구조]])), 표3[[#This Row],[건물연령]]>=30), "O", AND(COUNTIF(표3[[#This Row],[주용도]],"<>*공동*"), COUNTIF(표3[[#This Row],[주구조]],"<>*철*"), 표3[[#This Row],[건물연령]]>=20), "O", AND(COUNTIF(표3[[#This Row],[주용도]],"<>*공동*"), ISNUMBER(SEARCH("주택",표3[[#This Row],[주용도]])), 표3[[#This Row],[건물연령]]>=20), "O" ), "") )} -> O | AG5: 철근콘크리트구조 | AI5: 제2종근린생활시설 | AM5: 3 | AN5: 1 | AO5: 광주이씨광천군파문정총회 | AS5: =IF( OR(표3[[#This Row],[생년월일]]="", ISBLANK(표3[[#This Row],[생년월일]])), "", IFERROR( _xlfn.LET( _xlpm.y, VALUE(표3[[#This Row],[생년월일]]), _xlpm.yyyy, IF(_xlpm.y<100, IF(_xlpm.y>25, 1900+_xlpm.y, 2000+_xlpm.y), _xlpm.y), _xlpm.age, YEAR(TODAY())-_xlpm.yyyy, IF( _xlpm.age<40,"40대 미만", IF(_xlpm.age<50,"40대", IF(_xlpm.age<60,"50대", IF(_xlpm.age<70,"60대", IF(_xlpm.age<80,"70대","80대 이상") )))) ), "") ) | AT5: 서울특별시 송파구 가락동 120-1 | AW5: =IF(COUNTIF('설명회 참석자 명부'!$W$4:$W$29,표3[[#This Row],[성 명]])>0,"O","") | AX5: =_xlfn.XLOOKUP(표3[[#This Row],[성 명]],'설명회 참석자 명부'!$W$4:$W$29,'설명회 참석자 명부'!$X$4:$X$29,"") | AZ5: O | BK5: =IFERROR(LEFT(표3[[#This Row],[주소]],FIND(" ",표3[[#This Row],[주소]])-1),"") -> 서울특별시 | BL5: =IFERROR(MID(표3[[#This Row],[주소]], FIND(" ", 표3[[#This Row],[주소]])+1, FIND(" ", 표3[[#This Row],[주소]], FIND(" ", 표3[[#This Row],[주소]])+1) - FIND(" ", 표3[[#This Row],[주소]])-1),"") -> 송파구 | BM5: =IFERROR(MID(표3[[#This Row],[주소]], FIND(" ", 표3[[#This Row],[주소]], FIND(" ", 표3[[#This Row],[주소]])+1)+1, FIND(" ", 표3[[#This Row],[주소]], FIND(" ", 표3[[#This Row],[주소]], FIND(" ", 표3[[#This Row],[주소]])+1)+1) - FIND(" ", 표3[[#This Row],[주소]], FIND(" ", 표3[[#This Row],[주소]])+1)-1),"") -> 가락동 | BS5: 233.3 | BT5: 11400000 | BU5: 2659620000 | BV5: 제2종근린생활시설 | BW5: 455.48 | BX5: 178548160 | CC5: 2838168160 | CD5: =표3[[#This Row],[종전추정가액]]*1.5219 -> 4.3194081e+09
C6: 28 | D6: 1 | E6: 청송하이츠빌B | F6: 0 | Q6: 대 | R6: 374.6 | T6: =표3[[#This Row],[편입면적]]/(SUM(표3[공부면적])) -> 0 | U6: O | Y6: 0 | Z6: 864.2 | AC6: 2002.09.05 | AD6: 23 | AE6: {=IF(표3[[#This Row],[사용승인일자]]="","", IFERROR( _xlfn.IFS( AND(ISNUMBER(SEARCH("공동",표3[[#This Row],[주용도]])), ISNUMBER(SEARCH("철",표3[[#This Row],[주구조]])), 표3[[#This Row],[건물연령]]>=30), "O", AND(ISNUMBER(SEARCH("공동",표3[[#This Row],[주용도]])), COUNTIF(표3[[#This Row],[주구조]],"<>*철*"), 표3[[#This Row],[건물연령]]>=20), "O", AND(COUNTIF(표3[[#This Row],[주용도]],"<>*공동*"), COUNTIF(표3[[#This Row],[주용도]],"<>*단독*"), ISNUMBER(SEARCH("철",표3[[#This Row],[주구조]])), 표3[[#This Row],[건물연령]]>=30), "O", AND(COUNTIF(표3[[#This Row],[주용도]],"<>*공동*"), COUNTIF(표3[[#This Row],[주구조]],"<>*철*"), 표3[[#This Row],[건물연령]]>=20), "O", AND(COUNTIF(표3[[#This Row],[주용도]],"<>*공동*"), ISNUMBER(SEARCH("주택",표3[[#This Row],[주용도]])), 표3[[#This Row],[건물연령]]>=20), "O" ), "") )} | AG6: 철근콘크리트구조 | AI6: 공동주택 | AM6: 5 | AN6: 0 | AS6: =IF( OR(표3[[#This Row],[생년월일]]="", ISBLANK(표3[[#This Row],[생년월일]])), "", IFERROR( _xlfn.LET( _xlpm.y, VALUE(표3[[#This Row],[생년월일]]), _xlpm.yyyy, IF(_xlpm.y<100, IF(_xlpm.y>25, 1900+_xlpm.y, 2000+_xlpm.y), _xlpm.y), _xlpm.age, YEAR(TODAY())-_xlpm.yyyy, IF( _xlpm.age<40,"40대 미만", IF(_xlpm.age<50,"40대", IF(_xlpm.age<60,"50대", IF(_xlpm.age<70,"60대", IF(_xlpm.age<80,"70대","80대 이상") )))) ), "") ) | AW6: =IF(COUNTIF('설명회 참석자 명부'!$W$4:$W$29,표3[[#This Row],[성 명]])>0,"O","") | AX6: =_xlfn.XLOOKUP(표3[[#This Row],[성 명]],'설명회 참석자 명부'!$W$4:$W$29,'설명회 참석자 명부'!$X$4:$X$29,"") -> 0 | BK6: =IFERROR(LEFT(표3[[#This Row],[주소]],FIND(" ",표3[[#This Row],[주소]])-1),"") | BL6: =IFERROR(MID(표3[[#This Row],[주소]], FIND(" ", 표3[[#This Row],[주소]])+1, FIND(" ", 표3[[#This Row],[주소]], FIND(" ", 표3[[#This Row],[주소]])+1) - FIND(" ", 표3[[#This Row],[주소]])-1),"") | BM6: =IFERROR(MID(표3[[#This Row],[주소]], FIND(" ", 표3[[#This Row],[주소]], FIND(" ", 표3[[#This Row],[주소]])+1)+1, FIND(" ", 표3[[#This Row],[주소]], FIND(" ", 표3[[#This Row],[주소]], FIND(" ", 표3[[#This Row],[주소]])+1)+1) - FIND(" ", 표3[[#This Row],[주소]], FIND(" ", 표3[[#This Row],[주소]])+1)-1),"") | CD6: =표3[[#This Row],[종전추정가액]]*1.5219 -> 0
B7: 2 | C7: 28 | D7: 1 | E7: 청송하이츠빌B | F7: 101 | R7: 0 | S7: 44.45 | T7: =표3[[#This Row],[편입면적]]/(SUM(표3[공부면적])) -> 0.0055534733 | W7: 94.8 | X7: 7.47 | Y7: 102.27 | AE7: {=IF(표3[[#This Row],[사용승인일자]]="","", IFERROR( _xlfn.IFS( AND(ISNUMBER(SEARCH("공동",표3[[#This Row],[주용도]])), ISNUMBER(SEARCH("철",표3[[#This Row],[주구조]])), 표3[[#This Row],[건물연령]]>=30), "O", AND(ISNUMBER(SEARCH("공동",표3[[#This Row],[주용도]])), COUNTIF(표3[[#This Row],[주구조]],"<>*철*"), 표3[[#This Row],[건물연령]]>=20), "O", AND(COUNTIF(표3[[#This Row],[주용도]],"<>*공동*"), COUNTIF(표3[[#This Row],[주용도]],"<>*단독*"), ISNUMBER(SEARCH("철",표3[[#This Row],[주구조]])), 표3[[#This Row],[건물연령]]>=30), "O", AND(COUNTIF(표3[[#This Row],[주용도]],"<>*공동*"), COUNTIF(표3[[#This Row],[주구조]],"<>*철*"), 표3[[#This Row],[건물연령]]>=20), "O", AND(COUNTIF(표3[[#This Row],[주용도]],"<>*공동*"), ISNUMBER(SEARCH("주택",표3[[#This Row],[주용도]])), 표3[[#This Row],[건물연령]]>=20), "O" ), "") )} | AG7: 철근콘크리트구조 | AI7: 공동주택 | AO7: 이종학 | AR7: 49 | AS7: =IF( OR(표3[[#This Row],[생년월일]]="", ISBLANK(표3[[#This Row],[생년월일]])), "", IFERROR( _xlfn.LET( _xlpm.y, VALUE(표3[[#This Row],[생년월일]]), _xlpm.yyyy, IF(_xlpm.y<100, IF(_xlpm.y>25, 1900+_xlpm.y, 2000+_xlpm.y), _xlpm.y), _xlpm.age, YEAR(TODAY())-_xlpm.yyyy, IF( _xlpm.age<40,"40대 미만", IF(_xlpm.age<50,"40대", IF(_xlpm.age<60,"50대", IF(_xlpm.age<70,"60대", IF(_xlpm.age<80,"70대","80대 이상") )))) ), "") ) -> 70대 | AT7: 서울 송파구 문정동 4-3 | AW7: =IF(COUNTIF('설명회 참석자 명부'!$W$4:$W$29,표3[[#This Row],[성 명]])>0,"O","") | AX7: =_xlfn.XLOOKUP(표3[[#This Row],[성 명]],'설명회 참석자 명부'!$W$4:$W$29,'설명회 참석자 명부'!$X$4:$X$29,"") | AZ7: O | BK7: =IFERROR(LEFT(표3[[#This Row],[주소]],FIND(" ",표3[[#This Row],[주소]])-1),"") -> 서울 | BL7: =IFERROR(MID(표3[[#This Row],[주소]], FIND(" ", 표3[[#This Row],[주소]])+1, FIND(" ", 표3[[#This Row],[주소]], FIND(" ", 표3[[#This Row],[주소]])+1) - FIND(" ", 표3[[#This Row],[주소]])-1),"") -> 송파구 | BM7: =IFERROR(MID(표3[[#This Row],[주소]], FIND(" ", 표3[[#This Row],[주소]], FIND(" ", 표3[[#This Row],[주소]])+1)+1, FIND(" ", 표3[[#This Row],[주소]], FIND(" ", 표3[[#This Row],[주소]], FIND(" ", 표3[[#This Row],[주소]])+1)+1) - FIND(" ", 표3[[#This Row],[주소]], FIND(" ", 표3[[#This Row],[주소]])+1)-1),"") -> 문정동 | BY7: 근린생활시설 | BZ7: 94.8 | CA7: 44.45 | CB7: 669000000 | CC7: 669000000 | CD7: =표3[[#This Row],[종전추정가액]]*1.5219 -> 1018151100
B8: 2 | C8: 28 | D8: 1 | E8: 청송하이츠빌B | F8: 102 | R8: 0 | S8: 44.45 | T8: =표3[[#This Row],[편입면적]]/(SUM(표3[공부면적])) -> 0.0055534733 | W8: 94.8 | X8: 7.47 | Y8: 102.27 | AE8: {=IF(표3[[#This Row],[사용승인일자]]="","", IFERROR( _xlfn.IFS( AND(ISNUMBER(SEARCH("공동",표3[[#This Row],[주용도]])), ISNUMBER(SEARCH("철",표3[[#This Row],[주구조]])), 표3[[#This Row],[건물연령]]>=30), "O", AND(ISNUMBER(SEARCH("공동",표3[[#This Row],[주용도]])), COUNTIF(표3[[#This Row],[주구조]],"<>*철*"), 표3[[#This Row],[건물연령]]>=20), "O", AND(COUNTIF(표3[[#This Row],[주용도]],"<>*공동*"), COUNTIF(표3[[#This Row],[주용도]],"<>*단독*"), ISNUMBER(SEARCH("철",표3[[#This Row],[주구조]])), 표3[[#This Row],[건물연령]]>=30), "O", AND(COUNTIF(표3[[#This Row],[주용도]],"<>*공동*"), COUNTIF(표3[[#This Row],[주구조]],"<>*철*"), 표3[[#This Row],[건물연령]]>=20), "O", AND(COUNTIF(표3[[#This Row],[주용도]],"<>*공동*"), ISNUMBER(SEARCH("주택",표3[[#This Row],[주용도]])), 표3[[#This Row],[건물연령]]>=20), "O" ), "") )} | AG8: 철근콘크리트구조 | AI8: 공동주택 | AO8: 이종학 | AS8: =IF( OR(표3[[#This Row],[생년월일]]="", ISBLANK(표3[[#This Row],[생년월일]])), "", IFERROR( _xlfn.LET( _xlpm.y, VALUE(표3[[#This Row],[생년월일]]), _xlpm.yyyy, IF(_xlpm.y<100, IF(_xlpm.y>25, 1900+_xlpm.y, 2000+_xlpm.y), _xlpm.y), _xlpm.age, YEAR(TODAY())-_xlpm.yyyy, IF( _xlpm.age<40,"40대 미만", IF(_xlpm.age<50,"40대", IF(_xlpm.age<60,"50대", IF(_xlpm.age<70,"60대", IF(_xlpm.age<80,"70대","80대 이상") )))) ), "") ) | AT8: 서울 송파구 문정동 4-3 | AW8: =IF(COUNTIF('설명회 참석자 명부'!$W$4:$W$29,표3[[#This Row],[성 명]])>0,"O","") | AX8: =_xlfn.XLOOKUP(표3[[#This Row],[성 명]],'설명회 참석자 명부'!$W$4:$W$29,'설명회 참석자 명부'!$X$4:$X$29,"") | BK8: =IFERROR(LEFT(표3[[#This Row],[주소]],FIND(" ",표3[[#This Row],[주소]])-1),"") -> 서울 | BL8: =IFERROR(MID(표3[[#This Row],[주소]], FIND(" ", 표3[[#This Row],[주소]])+1, FIND(" ", 표3[[#This Row],[주소]], FIND(" ", 표3[[#This Row],[주소]])+1) - FIND(" ", 표3[[#This Row],[주소]])-1),"") -> 송파구 | BM8: =IFERROR(MID(표3[[#This Row],[주소]], FIND(" ", 표3[[#This Row],[주소]], FIND(" ", 표3[[#This Row],[주소]])+1)+1, FIND(" ", 표3[[#This Row],[주소]], FIND(" ", 표3[[#This Row],[주소]], FIND(" ", 표3[[#This Row],[주소]])+1)+1) - FIND(" ", 표3[[#This Row],[주소]], FIND(" ", 표3[[#This Row],[주소]])+1)-1),"") -> 문정동 | BY8: 근린생활시설 | BZ8: 94.8 | CA8: 44.45 | CB8: 669000000 | CC8: 669000000 | CD8: =표3[[#This Row],[종전추정가액]]*1.5219 -> 1018151100
B9: 3 | C9: 28 | D9: 1 | E9: 청송하이츠빌B | F9: 201 | R9: 0 | S9: 35.71 | T9: =표3[[#This Row],[편입면적]]/(SUM(표3[공부면적])) -> 0.0044615192 | W9: 76.2 | X9: 6.19 | Y9: 82.39 | AE9: {=IF(표3[[#This Row],[사용승인일자]]="","", IFERROR( _xlfn.IFS( AND(ISNUMBER(SEARCH("공동",표3[[#This Row],[주용도]])), ISNUMBER(SEARCH("철",표3[[#This Row],[주구조]])), 표3[[#This Row],[건물연령]]>=30), "O", AND(ISNUMBER(SEARCH("공동",표3[[#This Row],[주용도]])), COUNTIF(표3[[#This Row],[주구조]],"<>*철*"), 표3[[#This Row],[건물연령]]>=20), "O", AND(COUNTIF(표3[[#This Row],[주용도]],"<>*공동*"), COUNTIF(표3[[#This Row],[주용도]],"<>*단독*"), ISNUMBER(SEARCH("철",표3[[#This Row],[주구조]])), 표3[[#This Row],[건물연령]]>=30), "O", AND(COUNTIF(표3[[#This Row],[주용도]],"<>*공동*"), COUNTIF(표3[[#This Row],[주구조]],"<>*철*"), 표3[[#This Row],[건물연령]]>=20), "O", AND(COUNTIF(표3[[#This Row],[주용도]],"<>*공동*"), ISNUMBER(SEARCH("주택",표3[[#This Row],[주용도]])), 표3[[#This Row],[건물연령]]>=20), "O" ), "") )} | AG9: 철근콘크리트구조 | AI9: 공동주택 | AO9: 송점아 | AP9: 1041834048 | AR9: 57 | AS9: =IF( OR(표3[[#This Row],[생년월일]]="", ISBLANK(표3[[#This Row],[생년월일]])), "", IFERROR( _xlfn.LET( _xlpm.y, VALUE(표3[[#This Row],[생년월일]]), _xlpm.yyyy, IF(_xlpm.y<100, IF(_xlpm.y>25, 1900+_xlpm.y, 2000+_xlpm.y), _xlpm.y), _xlpm.age, YEAR(TODAY())-_xlpm.yyyy, IF( _xlpm.age<40,"40대 미만", IF(_xlpm.age<50,"40대", IF(_xlpm.age<60,"50대", IF(_xlpm.age<70,"60대", IF(_xlpm.age<80,"70대","80대 이상") )))) ), "") ) -> 60대 | AT9: 서울특별시 송파구 동남로8길 10, 201호(문정동,청송하이츠빌라) | AU9: O | AW9: =IF(COUNTIF('설명회 참석자 명부'!$W$4:$W$29,표3[[#This Row],[성 명]])>0,"O","") | AX9: =_xlfn.XLOOKUP(표3[[#This Row],[성 명]],'설명회 참석자 명부'!$W$4:$W$29,'설명회 참석자 명부'!$X$4:$X$29,"") | BA9: O | BK9: =IFERROR(LEFT(표3[[#This Row],[주소]],FIND(" ",표3[[#This Row],[주소]])-1),"") -> 서울특별시 | BL9: =IFERROR(MID(표3[[#This Row],[주소]], FIND(" ", 표3[[#This Row],[주소]])+1, FIND(" ", 표3[[#This Row],[주소]], FIND(" ", 표3[[#This Row],[주소]])+1) - FIND(" ", 표3[[#This Row],[주소]])-1),"") -> 송파구 | BM9: =IFERROR(MID(표3[[#This Row],[주소]], FIND(" ", 표3[[#This Row],[주소]], FIND(" ", 표3[[#This Row],[주소]])+1)+1, FIND(" ", 표3[[#This Row],[주소]], FIND(" ", 표3[[#This Row],[주소]], FIND(" ", 표3[[#This Row],[주소]])+1)+1) - FIND(" ", 표3[[#This Row],[주소]], FIND(" ", 표3[[#This Row],[주소]])+1)-1),"") -> 동남로8길 | BY9: 다세대 | BZ9: 76.2 | CA9: 35.71 | CB9: 552000000 | CC9: 552000000 | CD9: =표3[[#This Row],[종전추정가액]]*1.5219 -> 840088800
B10: 4 | C10: 28 | D10: 1 | E10: 청송하이츠빌B | F10: 202 | R10: 0 | S10: 35.71 | T10: =표3[[#This Row],[편입면적]]/(SUM(표3[공부면적])) -> 0.0044615192 | W10: 76.2 | X10: 6.19 | Y10: 82.39 | AE10: {=IF(표3[[#This Row],[사용승인일자]]="","", IFERROR( _xlfn.IFS( AND(ISNUMBER(SEARCH("공동",표3[[#This Row],[주용도]])), ISNUMBER(SEARCH("철",표3[[#This Row],[주구조]])), 표3[[#This Row],[건물연령]]>=30), "O", AND(ISNUMBER(SEARCH("공동",표3[[#This Row],[주용도]])), COUNTIF(표3[[#This Row],[주구조]],"<>*철*"), 표3[[#This Row],[건물연령]]>=20), "O", AND(COUNTIF(표3[[#This Row],[주용도]],"<>*공동*"), COUNTIF(표3[[#This Row],[주용도]],"<>*단독*"), ISNUMBER(SEARCH("철",표3[[#This Row],[주구조]])), 표3[[#This Row],[건물연령]]>=30), "O", AND(COUNTIF(표3[[#This Row],[주용도]],"<>*공동*"), COUNTIF(표3[[#This Row],[주구조]],"<>*철*"), 표3[[#This Row],[건물연령]]>=20), "O", AND(COUNTIF(표3[[#This Row],[주용도]],"<>*공동*"), ISNUMBER(SEARCH("주택",표3[[#This Row],[주용도]])), 표3[[#This Row],[건물연령]]>=20), "O" ), "") )} | AG10: 철근콘크리트구조 | AI10: 공동주택 | AO10: 배홍숙 | AP10: 1089568848 | AR10: 60 | AS10: =IF( OR(표3[[#This Row],[생년월일]]="", ISBLANK(표3[[#This Row],[생년월일]])), "", IFERROR( _xlfn.LET( _xlpm.y, VALUE(표3[[#This Row],[생년월일]]), _xlpm.yyyy, IF(_xlpm.y<100, IF(_xlpm.y>25, 1900+_xlpm.y, 2000+_xlpm.y), _xlpm.y), _xlpm.age, YEAR(TODAY())-_xlpm.yyyy, IF( _xlpm.age<40,"40대 미만", IF(_xlpm.age<50,"40대", IF(_xlpm.age<60,"50대", IF(_xlpm.age<70,"60대", IF(_xlpm.age<80,"70대","80대 이상") )))) ), "") ) -> 60대 | AT10: 서울특별시 송파구 가락동 103-10 302호 | AW10: =IF(COUNTIF('설명회 참석자 명부'!$W$4:$W$29,표3[[#This Row],[성 명]])>0,"O","") | AX10: =_xlfn.XLOOKUP(표3[[#This Row],[성 명]],'설명회 참석자 명부'!$W$4:$W$29,'설명회 참석자 명부'!$X$4:$X$29,"") | AZ10: O | BK10: =IFERROR(LEFT(표3[[#This Row],[주소]],FIND(" ",표3[[#This Row],[주소]])-1),"") -> 서울특별시 | BL10: =IFERROR(MID(표3[[#This Row],[주소]], FIND(" ", 표3[[#This Row],[주소]])+1, FIND(" ", 표3[[#This Row],[주소]], FIND(" ", 표3[[#This Row],[주소]])+1) - FIND(" ", 표3[[#This Row],[주소]])-1),"") -> 송파구 | BM10: =IFERROR(MID(표3[[#This Row],[주소]], FIND(" ", 표3[[#This Row],[주소]], FIND(" ", 표3[[#This Row],[주소]])+1)+1, FIND(" ", 표3[[#This Row],[주소]], FIND(" ", 표3[[#This Row],[주소]], FIND(" ", 표3[[#This Row],[주소]])+1)+1) - FIND(" ", 표3[[#This Row],[주소]], FIND(" ", 표3[[#This Row],[주소]])+1)-1),"") -> 가락동 | BY10: 다세대 | BZ10: 76.2 | CA10: 35.71 | CB10: 552000000 | CC10: 552000000 | CD10: =표3[[#This Row],[종전추정가액]]*1.5219 -> 840088800
B11: 5 | C11: 28 | D11: 1 | E11: 청송하이츠빌B | F11: 301 | P11: [2026.04.13 17:18] 이민후 팀장: 4-13 준비위 간담회 참석 | R11: 0 | S11: 35.71 | T11: =표3[[#This Row],[편입면적]]/(SUM(표3[공부면적])) -> 0.0044615192 | W11: 76.2 | X11: 6.19 | Y11: 82.39 | AE11: {=IF(표3[[#This Row],[사용승인일자]]="","", IFERROR( _xlfn.IFS( AND(ISNUMBER(SEARCH("공동",표3[[#This Row],[주용도]])), ISNUMBER(SEARCH("철",표3[[#This Row],[주구조]])), 표3[[#This Row],[건물연령]]>=30), "O", AND(ISNUMBER(SEARCH("공동",표3[[#This Row],[주용도]])), COUNTIF(표3[[#This Row],[주구조]],"<>*철*"), 표3[[#This Row],[건물연령]]>=20), "O", AND(COUNTIF(표3[[#This Row],[주용도]],"<>*공동*"), COUNTIF(표3[[#This Row],[주용도]],"<>*단독*"), ISNUMBER(SEARCH("철",표3[[#This Row],[주구조]])), 표3[[#This Row],[건물연령]]>=30), "O", AND(COUNTIF(표3[[#This Row],[주용도]],"<>*공동*"), COUNTIF(표3[[#This Row],[주구조]],"<>*철*"), 표3[[#This Row],[건물연령]]>=20), "O", AND(COUNTIF(표3[[#This Row],[주용도]],"<>*공동*"), ISNUMBER(SEARCH("주택",표3[[#This Row],[주용도]])), 표3[[#This Row],[건물연령]]>=20), "O" ), "") )} | AG11: 철근콘크리트구조 | AI11: 공동주택 | AO11: 양명숙 | AP11: 010-2520-6793 010-3710-6773 010-4188-6793 | AQ11: 소유주 아들 전화번호 | AR11: 61 | AS11: =IF( OR(표3[[#This Row],[생년월일]]="", ISBLANK(표3[[#This Row],[생년월일]])), "", IFERROR( _xlfn.LET( _xlpm.y, VALUE(표3[[#This Row],[생년월일]]), _xlpm.yyyy, IF(_xlpm.y<100, IF(_xlpm.y>25, 1900+_xlpm.y, 2000+_xlpm.y), _xlpm.y), _xlpm.age, YEAR(TODAY())-_xlpm.yyyy, IF( _xlpm.age<40,"40대 미만", IF(_xlpm.age<50,"40대", IF(_xlpm.age<60,"50대", IF(_xlpm.age<70,"60대", IF(_xlpm.age<80,"70대","80대 이상") )))) ), "") ) -> 60대 | AT11: 서울특별시 송파구 문정동28-1 301호 | AU11: O | AV11: O | AW11: =IF(COUNTIF('설명회 참석자 명부'!$W$4:$W$29,표3[[#This Row],[성 명]])>0,"O","") | AX11: =_xlfn.XLOOKUP(표3[[#This Row],[성 명]],'설명회 참석자 명부'!$W$4:$W$29,'설명회 참석자 명부'!$X$4:$X$29,"") | BB11: O | BK11: =IFERROR(LEFT(표3[[#This Row],[주소]],FIND(" ",표3[[#This Row],[주소]])-1),"") -> 서울특별시 | BL11: =IFERROR(MID(표3[[#This Row],[주소]], FIND(" ", 표3[[#This Row],[주소]])+1, FIND(" ", 표3[[#This Row],[주소]], FIND(" ", 표3[[#This Row],[주소]])+1) - FIND(" ", 표3[[#This Row],[주소]])-1),"") -> 송파구 | BM11: =IFERROR(MID(표3[[#This Row],[주소]], FIND(" ", 표3[[#This Row],[주소]], FIND(" ", 표3[[#This Row],[주소]])+1)+1, FIND(" ", 표3[[#This Row],[주소]], FIND(" ", 표3[[#This Row],[주소]], FIND(" ", 표3[[#This Row],[주소]])+1)+1) - FIND(" ", 표3[[#This Row],[주소]], FIND(" ", 표3[[#This Row],[주소]])+1)-1),"") -> 문정동28-1 | BY11: 다세대 | BZ11: 76.2 | CA11: 35.71 | CB11: 557000000 | CC11: 557000000 | CD11: =표3[[#This Row],[종전추정가액]]*1.5219 -> 847698300
B12: 6 | C12: 28 | D12: 1 | E12: 청송하이츠빌B | F12: 302 | R12: 0 | S12: 35.71 | T12: =표3[[#This Row],[편입면적]]/(SUM(표3[공부면적])) -> 0.0044615192 | W12: 76.2 | X12: 6.19 | Y12: 82.39 | AE12: {=IF(표3[[#This Row],[사용승인일자]]="","", IFERROR( _xlfn.IFS( AND(ISNUMBER(SEARCH("공동",표3[[#This Row],[주용도]])), ISNUMBER(SEARCH("철",표3[[#This Row],[주구조]])), 표3[[#This Row],[건물연령]]>=30), "O", AND(ISNUMBER(SEARCH("공동",표3[[#This Row],[주용도]])), COUNTIF(표3[[#This Row],[주구조]],"<>*철*"), 표3[[#This Row],[건물연령]]>=20), "O", AND(COUNTIF(표3[[#This Row],[주용도]],"<>*공동*"), COUNTIF(표3[[#This Row],[주용도]],"<>*단독*"), ISNUMBER(SEARCH("철",표3[[#This Row],[주구조]])), 표3[[#This Row],[건물연령]]>=30), "O", AND(COUNTIF(표3[[#This Row],[주용도]],"<>*공동*"), COUNTIF(표3[[#This Row],[주구조]],"<>*철*"), 표3[[#This Row],[건물연령]]>=20), "O", AND(COUNTIF(표3[[#This Row],[주용도]],"<>*공동*"), ISNUMBER(SEARCH("주택",표3[[#This Row],[주용도]])), 표3[[#This Row],[건물연령]]>=20), "O" ), "") )} | AG12: 철근콘크리트구조 | AI12: 공동주택 | AO12: 오우진 | AR12: 91 | AS12: =IF( OR(표3[[#This Row],[생년월일]]="", ISBLANK(표3[[#This Row],[생년월일]])), "", IFERROR( _xlfn.LET( _xlpm.y, VALUE(표3[[#This Row],[생년월일]]), _xlpm.yyyy, IF(_xlpm.y<100, IF(_xlpm.y>25, 1900+_xlpm.y, 2000+_xlpm.y), _xlpm.y), _xlpm.age, YEAR(TODAY())-_xlpm.yyyy, IF( _xlpm.age<40,"40대 미만", IF(_xlpm.age<50,"40대", IF(_xlpm.age<60,"50대", IF(_xlpm.age<70,"60대", IF(_xlpm.age<80,"70대","80대 이상") )))) ), "") ) -> 40대 미만 | AT12: 서울특별시 송파구 백제고분로27길 16-12, 202호 (삼전동) | AW12: =IF(COUNTIF('설명회 참석자 명부'!$W$4:$W$29,표3[[#This Row],[성 명]])>0,"O","") | AX12: =_xlfn.XLOOKUP(표3[[#This Row],[성 명]],'설명회 참석자 명부'!$W$4:$W$29,'설명회 참석자 명부'!$X$4:$X$29,"") | BK12: =IFERROR(LEFT(표3[[#This Row],[주소]],FIND(" ",표3[[#This Row],[주소]])-1),"") -> 서울특별시 | BL12: =IFERROR(MID(표3[[#This Row],[주소]], FIND(" ", 표3[[#This Row],[주소]])+1, FIND(" ", 표3[[#This Row],[주소]], FIND(" ", 표3[[#This Row],[주소]])+1) - FIND(" ", 표3[[#This Row],[주소]])-1),"") -> 송파구 | BM12: =IFERROR(MID(표3[[#This Row],[주소]], FIND(" ", 표3[[#This Row],[주소]], FIND(" ", 표3[[#This Row],[주소]])+1)+1, FIND(" ", 표3[[#This Row],[주소]], FIND(" ", 표3[[#This Row],[주소]], FIND(" ", 표3[[#This Row],[주소]])+1)+1) - FIND(" ", 표3[[#This Row],[주소]], FIND(" ", 표3[[#This Row],[주소]])+1)-1),"") -> 백제고분로27길 | BY12: 다세대 | BZ12: 76.2 | CA12: 35.71 | CB12: 557000000 | CC12: 557000000 | CD12: =표3[[#This Row],[종전추정가액]]*1.5219 -> 847698300
B13: 7 | C13: 28 | D13: 1 | E13: 청송하이츠빌B | F13: 401 | K13: O | P13: [2026.04.13 17:20] 이민후 팀장: 4-13 간담회 참석 [2026.04.15 15:59] 이민후 팀장: 신분증 사본 요청 필요 | R13: 0 | S13: 35.71 | T13: =표3[[#This Row],[편입면적]]/(SUM(표3[공부면적])) -> 0.0044615192 | W13: 76.2 | X13: 6.19 | Y13: 82.39 | AE13: {=IF(표3[[#This Row],[사용승인일자]]="","", IFERROR( _xlfn.IFS( AND(ISNUMBER(SEARCH("공동",표3[[#This Row],[주용도]])), ISNUMBER(SEARCH("철",표3[[#This Row],[주구조]])), 표3[[#This Row],[건물연령]]>=30), "O", AND(ISNUMBER(SEARCH("공동",표3[[#This Row],[주용도]])), COUNTIF(표3[[#This Row],[주구조]],"<>*철*"), 표3[[#This Row],[건물연령]]>=20), "O", AND(COUNTIF(표3[[#This Row],[주용도]],"<>*공동*"), COUNTIF(표3[[#This Row],[주용도]],"<>*단독*"), ISNUMBER(SEARCH("철",표3[[#This Row],[주구조]])), 표3[[#This Row],[건물연령]]>=30), "O", AND(COUNTIF(표3[[#This Row],[주용도]],"<>*공동*"), COUNTIF(표3[[#This Row],[주구조]],"<>*철*"), 표3[[#This Row],[건물연령]]>=20), "O", AND(COUNTIF(표3[[#This Row],[주용도]],"<>*공동*"), ISNUMBER(SEARCH("주택",표3[[#This Row],[주용도]])), 표3[[#This Row],[건물연령]]>=20), "O" ), "") )} | AG13: 철근콘크리트구조 | AI13: 공동주택 | AO13: 이숙현 | AP13: 010-6266-4936 010-4747-6757 | AQ13: 남편 김창섭 준비위원 | AR13: 65 | AS13: =IF( OR(표3[[#This Row],[생년월일]]="", ISBLANK(표3[[#This Row],[생년월일]])), "", IFERROR( _xlfn.LET( _xlpm.y, VALUE(표3[[#This Row],[생년월일]]), _xlpm.yyyy, IF(_xlpm.y<100, IF(_xlpm.y>25, 1900+_xlpm.y, 2000+_xlpm.y), _xlpm.y), _xlpm.age, YEAR(TODAY())-_xlpm.yyyy, IF( _xlpm.age<40,"40대 미만", IF(_xlpm.age<50,"40대", IF(_xlpm.age<60,"50대", IF(_xlpm.age<70,"60대", IF(_xlpm.age<80,"70대","80대 이상") )))) ), "") ) -> 60대 | AT13: 서울특별시 송파구 동남로8길 10,401호(문정동,청송빌라) | AU13: O | AV13: O | AW13: =IF(COUNTIF('설명회 참석자 명부'!$W$4:$W$29,표3[[#This Row],[성 명]])>0,"O","") | BA13: O | BB13: O | BK13: =IFERROR(LEFT(표3[[#This Row],[주소]],FIND(" ",표3[[#This Row],[주소]])-1),"") -> 서울특별시 | BL13: =IFERROR(MID(표3[[#This Row],[주소]], FIND(" ", 표3[[#This Row],[주소]])+1, FIND(" ", 표3[[#This Row],[주소]], FIND(" ", 표3[[#This Row],[주소]])+1) - FIND(" ", 표3[[#This Row],[주소]])-1),"") -> 송파구 | BM13: =IFERROR(MID(표3[[#This Row],[주소]], FIND(" ", 표3[[#This Row],[주소]], FIND(" ", 표3[[#This Row],[주소]])+1)+1, FIND(" ", 표3[[#This Row],[주소]], FIND(" ", 표3[[#This Row],[주소]], FIND(" ", 표3[[#This Row],[주소]])+1)+1) - FIND(" ", 표3[[#This Row],[주소]], FIND(" ", 표3[[#This Row],[주소]])+1)-1),"") -> 동남로8길 | BY13: 다세대 | BZ13: 76.2 | CA13: 35.71 | CB13: 557000000 | CC13: 557000000 | CD13: =표3[[#This Row],[종전추정가액]]*1.5219 -> 847698300
B14: 8 | C14: 28 | D14: 1 | E14: 청송하이츠빌B | F14: 402 | K14: O | L14: O | M14: O | R14: 0 | S14: 35.71 | T14: =표3[[#This Row],[편입면적]]/(SUM(표3[공부면적])) -> 0.0044615192 | W14: 76.2 | X14: 6.19 | Y14: 82.39 | AE14: {=IF(표3[[#This Row],[사용승인일자]]="","", IFERROR( _xlfn.IFS( AND(ISNUMBER(SEARCH("공동",표3[[#This Row],[주용도]])), ISNUMBER(SEARCH("철",표3[[#This Row],[주구조]])), 표3[[#This Row],[건물연령]]>=30), "O", AND(ISNUMBER(SEARCH("공동",표3[[#This Row],[주용도]])), COUNTIF(표3[[#This Row],[주구조]],"<>*철*"), 표3[[#This Row],[건물연령]]>=20), "O", AND(COUNTIF(표3[[#This Row],[주용도]],"<>*공동*"), COUNTIF(표3[[#This Row],[주용도]],"<>*단독*"), ISNUMBER(SEARCH("철",표3[[#This Row],[주구조]])), 표3[[#This Row],[건물연령]]>=30), "O", AND(COUNTIF(표3[[#This Row],[주용도]],"<>*공동*"), COUNTIF(표3[[#This Row],[주구조]],"<>*철*"), 표3[[#This Row],[건물연령]]>=20), "O", AND(COUNTIF(표3[[#This Row],[주용도]],"<>*공동*"), ISNUMBER(SEARCH("주택",표3[[#This Row],[주용도]])), 표3[[#This Row],[건물연령]]>=20), "O" ), "") )} | AG14: 철근콘크리트구조 | AI14: 공동주택 | AO14: 김병기 | AP14: 1088475510 | AR14: 65 | AS14: =IF( OR(표3[[#This Row],[생년월일]]="", ISBLANK(표3[[#This Row],[생년월일]])), "", IFERROR( _xlfn.LET( _xlpm.y, VALUE(표3[[#This Row],[생년월일]]), _xlpm.yyyy, IF(_xlpm.y<100, IF(_xlpm.y>25, 1900+_xlpm.y, 2000+_xlpm.y), _xlpm.y), _xlpm.age, YEAR(TODAY())-_xlpm.yyyy, IF( _xlpm.age<40,"40대 미만", IF(_xlpm.age<50,"40대", IF(_xlpm.age<60,"50대", IF(_xlpm.age<70,"60대", IF(_xlpm.age<80,"70대","80대 이상") )))) ), "") ) -> 60대 | AT14: 서울특별시 송파구 문정동28-1 402호 | AW14: =IF(COUNTIF('설명회 참석자 명부'!$W$4:$W$29,표3[[#This Row],[성 명]])>0,"O","") | BA14: O | BB14: O | BK14: =IFERROR(LEFT(표3[[#This Row],[주소]],FIND(" ",표3[[#This Row],[주소]])-1),"") -> 서울특별시 | BL14: =IFERROR(MID(표3[[#This Row],[주소]], FIND(" ", 표3[[#This Row],[주소]])+1, FIND(" ", 표3[[#This Row],[주소]], FIND(" ", 표3[[#This Row],[주소]])+1) - FIND(" ", 표3[[#This Row],[주소]])-1),"") -> 송파구 | BM14: =IFERROR(MID(표3[[#This Row],[주소]], FIND(" ", 표3[[#This Row],[주소]], FIND(" ", 표3[[#This Row],[주소]])+1)+1, FIND(" ", 표3[[#This Row],[주소]], FIND(" ", 표3[[#This Row],[주소]], FIND(" ", 표3[[#This Row],[주소]])+1)+1) - FIND(" ", 표3[[#This Row],[주소]], FIND(" ", 표3[[#This Row],[주소]])+1)-1),"") -> 문정동28-1 | BY14: 다세대 | BZ14: 76.2 | CA14: 35.71 | CB14: 557000000 | CC14: 557000000 | CD14: =표3[[#This Row],[종전추정가액]]*1.5219 -> 847698300
B15: 9 | C15: 28 | D15: 1 | E15: 청송하이츠빌B | F15: 501 | R15: 0 | S15: 35.71 | T15: =표3[[#This Row],[편입면적]]/(SUM(표3[공부면적])) -> 0.0044615192 | W15: 76.2 | X15: 6.19 | Y15: 82.39 | AE15: {=IF(표3[[#This Row],[사용승인일자]]="","", IFERROR( _xlfn.IFS( AND(ISNUMBER(SEARCH("공동",표3[[#This Row],[주용도]])), ISNUMBER(SEARCH("철",표3[[#This Row],[주구조]])), 표3[[#This Row],[건물연령]]>=30), "O", AND(ISNUMBER(SEARCH("공동",표3[[#This Row],[주용도]])), COUNTIF(표3[[#This Row],[주구조]],"<>*철*"), 표3[[#This Row],[건물연령]]>=20), "O", AND(COUNTIF(표3[[#This Row],[주용도]],"<>*공동*"), COUNTIF(표3[[#This Row],[주용도]],"<>*단독*"), ISNUMBER(SEARCH("철",표3[[#This Row],[주구조]])), 표3[[#This Row],[건물연령]]>=30), "O", AND(COUNTIF(표3[[#This Row],[주용도]],"<>*공동*"), COUNTIF(표3[[#This Row],[주구조]],"<>*철*"), 표3[[#This Row],[건물연령]]>=20), "O", AND(COUNTIF(표3[[#This Row],[주용도]],"<>*공동*"), ISNUMBER(SEARCH("주택",표3[[#This Row],[주용도]])), 표3[[#This Row],[건물연령]]>=20), "O" ), "") )} | AG15: 철근콘크리트구조 | AI15: 공동주택 | AO15: 정행택 | AP15: 1099885738 | AQ15: 윤민숙 전화번호 | AR15: 75 | AS15: =IF( OR(표3[[#This Row],[생년월일]]="", ISBLANK(표3[[#This Row],[생년월일]])), "", IFERROR( _xlfn.LET( _xlpm.y, VALUE(표3[[#This Row],[생년월일]]), _xlpm.yyyy, IF(_xlpm.y<100, IF(_xlpm.y>25, 1900+_xlpm.y, 2000+_xlpm.y), _xlpm.y), _xlpm.age, YEAR(TODAY())-_xlpm.yyyy, IF( _xlpm.age<40,"40대 미만", IF(_xlpm.age<50,"40대", IF(_xlpm.age<60,"50대", IF(_xlpm.age<70,"60대", IF(_xlpm.age<80,"70대","80대 이상") )))) ), "") ) -> 50대 | AT15: 서울특별시 송파구 동남로8길 6 A동501호 | AU15: O | AW15: =IF(COUNTIF('설명회 참석자 명부'!$W$4:$W$29,표3[[#This Row],[성 명]])>0,"O","") | AX15: =_xlfn.XLOOKUP(표3[[#This Row],[성 명]],'설명회 참석자 명부'!$W$4:$W$29,'설명회 참석자 명부'!$X$4:$X$29,"") | BB15: O | BK15: =IFERROR(LEFT(표3[[#This Row],[주소]],FIND(" ",표3[[#This Row],[주소]])-1),"") -> 서울특별시 | BL15: =IFERROR(MID(표3[[#This Row],[주소]], FIND(" ", 표3[[#This Row],[주소]])+1, FIND(" ", 표3[[#This Row],[주소]], FIND(" ", 표3[[#This Row],[주소]])+1) - FIND(" ", 표3[[#This Row],[주소]])-1),"") -> 송파구 | BM15: =IFERROR(MID(표3[[#This Row],[주소]], FIND(" ", 표3[[#This Row],[주소]], FIND(" ", 표3[[#This Row],[주소]])+1)+1, FIND(" ", 표3[[#This Row],[주소]], FIND(" ", 표3[[#This Row],[주소]], FIND(" ", 표3[[#This Row],[주소]])+1)+1) - FIND(" ", 표3[[#This Row],[주소]], FIND(" ", 표3[[#This Row],[주소]])+1)-1),"") -> 동남로8길 | BY15: 다세대 | BZ15: 76.2 | CA15: 35.71 | CB15: 557000000 | CC15: 557000000 | CD15: =표3[[#This Row],[종전추정가액]]*1.5219 -> 847698300
B16: 10 | C16: 28 | D16: 1 | E16: 청송하이츠빌B | F16: 502 | R16: 0 | S16: 35.71 | T16: =표3[[#This Row],[편입면적]]/(SUM(표3[공부면적])) -> 0.0044615192 | W16: 76.2 | X16: 6.19 | Y16: 82.39 | AE16: {=IF(표3[[#This Row],[사용승인일자]]="","", IFERROR( _xlfn.IFS( AND(ISNUMBER(SEARCH("공동",표3[[#This Row],[주용도]])), ISNUMBER(SEARCH("철",표3[[#This Row],[주구조]])), 표3[[#This Row],[건물연령]]>=30), "O", AND(ISNUMBER(SEARCH("공동",표3[[#This Row],[주용도]])), COUNTIF(표3[[#This Row],[주구조]],"<>*철*"), 표3[[#This Row],[건물연령]]>=20), "O", AND(COUNTIF(표3[[#This Row],[주용도]],"<>*공동*"), COUNTIF(표3[[#This Row],[주용도]],"<>*단독*"), ISNUMBER(SEARCH("철",표3[[#This Row],[주구조]])), 표3[[#This Row],[건물연령]]>=30), "O", AND(COUNTIF(표3[[#This Row],[주용도]],"<>*공동*"), COUNTIF(표3[[#This Row],[주구조]],"<>*철*"), 표3[[#This Row],[건물연령]]>=20), "O", AND(COUNTIF(표3[[#This Row],[주용도]],"<>*공동*"), ISNUMBER(SEARCH("주택",표3[[#This Row],[주용도]])), 표3[[#This Row],[건물연령]]>=20), "O" ), "") )} | AG16: 철근콘크리트구조 | AI16: 공동주택 | AO16: 민경희 | AP16: 1023796112 | AR16: 59 | AS16: =IF( OR(표3[[#This Row],[생년월일]]="", ISBLANK(표3[[#This Row],[생년월일]])), "", IFERROR( _xlfn.LET( _xlpm.y, VALUE(표3[[#This Row],[생년월일]]), _xlpm.yyyy, IF(_xlpm.y<100, IF(_xlpm.y>25, 1900+_xlpm.y, 2000+_xlpm.y), _xlpm.y), _xlpm.age, YEAR(TODAY())-_xlpm.yyyy, IF( _xlpm.age<40,"40대 미만", IF(_xlpm.age<50,"40대", IF(_xlpm.age<60,"50대", IF(_xlpm.age<70,"60대", IF(_xlpm.age<80,"70대","80대 이상") )))) ), "") ) -> 60대 | AT16: 서울특별시 송파구 동남로8길 10, 502호(문정동, 청송하이츠빌라) | AU16: O | AW16: =IF(COUNTIF('설명회 참석자 명부'!$W$4:$W$29,표3[[#This Row],[성 명]])>0,"O","") | AX16: =_xlfn.XLOOKUP(표3[[#This Row],[성 명]],'설명회 참석자 명부'!$W$4:$W$29,'설명회 참석자 명부'!$X$4:$X$29,"") | BA16: O | BB16: O | BK16: =IFERROR(LEFT(표3[[#This Row],[주소]],FIND(" ",표3[[#This Row],[주소]])-1),"") -> 서울특별시 | BL16: =IFERROR(MID(표3[[#This Row],[주소]], FIND(" ", 표3[[#This Row],[주소]])+1, FIND(" ", 표3[[#This Row],[주소]], FIND(" ", 표3[[#This Row],[주소]])+1) - FIND(" ", 표3[[#This Row],[주소]])-1),"") -> 송파구 | BM16: =IFERROR(MID(표3[[#This Row],[주소]], FIND(" ", 표3[[#This Row],[주소]], FIND(" ", 표3[[#This Row],[주소]])+1)+1, FIND(" ", 표3[[#This Row],[주소]], FIND(" ", 표3[[#This Row],[주소]], FIND(" ", 표3[[#This Row],[주소]])+1)+1) - FIND(" ", 표3[[#This Row],[주소]], FIND(" ", 표3[[#This Row],[주소]])+1)-1),"") -> 동남로8길 | BY16: 다세대 | BZ16: 76.2 | CA16: 35.71 | CB16: 557000000 | CC16: 557000000 | CD16: =표3[[#This Row],[종전추정가액]]*1.5219 -> 847698300
C17: 28 | D17: 2 | E17: 청송하이츠빌 | F17: 0 | Q17: 대 | R17: 353.7 | T17: =표3[[#This Row],[편입면적]]/(SUM(표3[공부면적])) -> 0 | U17: O | Y17: 0 | Z17: 853.26 | AC17: 2002.08.05 | AD17: 23 | AE17: {=IF(표3[[#This Row],[사용승인일자]]="","", IFERROR( _xlfn.IFS( AND(ISNUMBER(SEARCH("공동",표3[[#This Row],[주용도]])), ISNUMBER(SEARCH("철",표3[[#This Row],[주구조]])), 표3[[#This Row],[건물연령]]>=30), "O", AND(ISNUMBER(SEARCH("공동",표3[[#This Row],[주용도]])), COUNTIF(표3[[#This Row],[주구조]],"<>*철*"), 표3[[#This Row],[건물연령]]>=20), "O", AND(COUNTIF(표3[[#This Row],[주용도]],"<>*공동*"), COUNTIF(표3[[#This Row],[주용도]],"<>*단독*"), ISNUMBER(SEARCH("철",표3[[#This Row],[주구조]])), 표3[[#This Row],[건물연령]]>=30), "O", AND(COUNTIF(표3[[#This Row],[주용도]],"<>*공동*"), COUNTIF(표3[[#This Row],[주구조]],"<>*철*"), 표3[[#This Row],[건물연령]]>=20), "O", AND(COUNTIF(표3[[#This Row],[주용도]],"<>*공동*"), ISNUMBER(SEARCH("주택",표3[[#This Row],[주용도]])), 표3[[#This Row],[건물연령]]>=20), "O" ), "") )} | AG17: 철근콘크리트구조 | AI17: 공동주택 | AM17: 5 | AN17: 1 | AS17: =IF( OR(표3[[#This Row],[생년월일]]="", ISBLANK(표3[[#This Row],[생년월일]])), "", IFERROR( _xlfn.LET( _xlpm.y, VALUE(표3[[#This Row],[생년월일]]), _xlpm.yyyy, IF(_xlpm.y<100, IF(_xlpm.y>25, 1900+_xlpm.y, 2000+_xlpm.y), _xlpm.y), _xlpm.age, YEAR(TODAY())-_xlpm.yyyy, IF( _xlpm.age<40,"40대 미만", IF(_xlpm.age<50,"40대", IF(_xlpm.age<60,"50대", IF(_xlpm.age<70,"60대", IF(_xlpm.age<80,"70대","80대 이상") )))) ), "") ) | AW17: =IF(COUNTIF('설명회 참석자 명부'!$W$4:$W$29,표3[[#This Row],[성 명]])>0,"O","") | AX17: =_xlfn.XLOOKUP(표3[[#This Row],[성 명]],'설명회 참석자 명부'!$W$4:$W$29,'설명회 참석자 명부'!$X$4:$X$29,"") -> 0 | BK17: =IFERROR(LEFT(표3[[#This Row],[주소]],FIND(" ",표3[[#This Row],[주소]])-1),"") | BL17: =IFERROR(MID(표3[[#This Row],[주소]], FIND(" ", 표3[[#This Row],[주소]])+1, FIND(" ", 표3[[#This Row],[주소]], FIND(" ", 표3[[#This Row],[주소]])+1) - FIND(" ", 표3[[#This Row],[주소]])-1),"") | BM17: =IFERROR(MID(표3[[#This Row],[주소]], FIND(" ", 표3[[#This Row],[주소]], FIND(" ", 표3[[#This Row],[주소]])+1)+1, FIND(" ", 표3[[#This Row],[주소]], FIND(" ", 표3[[#This Row],[주소]], FIND(" ", 표3[[#This Row],[주소]])+1)+1) - FIND(" ", 표3[[#This Row],[주소]], FIND(" ", 표3[[#This Row],[주소]])+1)-1),"") | CD17: =표3[[#This Row],[종전추정가액]]*1.5219 -> 0
B18: 11 | C18: 28 | D18: 2 | E18: 청송하이츠빌 | F18: 101 | K18: O | L18: O | M18: O | P18: [2026.04.13 17:04] 이민후 팀장: 금일 준비위원 회의시 동의서 제출 [2026.04.13 17:20] 이민후 팀장: 4-13 간담회 참석 | R18: 0 | S18: 62.45 | T18: =표3[[#This Row],[편입면적]]/(SUM(표3[공부면적])) -> 0.0078023488 | W18: 140.18 | X18: 10.53 | Y18: 150.71 | AE18: {=IF(표3[[#This Row],[사용승인일자]]="","", IFERROR( _xlfn.IFS( AND(ISNUMBER(SEARCH("공동",표3[[#This Row],[주용도]])), ISNUMBER(SEARCH("철",표3[[#This Row],[주구조]])), 표3[[#This Row],[건물연령]]>=30), "O", AND(ISNUMBER(SEARCH("공동",표3[[#This Row],[주용도]])), COUNTIF(표3[[#This Row],[주구조]],"<>*철*"), 표3[[#This Row],[건물연령]]>=20), "O", AND(COUNTIF(표3[[#This Row],[주용도]],"<>*공동*"), COUNTIF(표3[[#This Row],[주용도]],"<>*단독*"), ISNUMBER(SEARCH("철",표3[[#This Row],[주구조]])), 표3[[#This Row],[건물연령]]>=30), "O", AND(COUNTIF(표3[[#This Row],[주용도]],"<>*공동*"), COUNTIF(표3[[#This Row],[주구조]],"<>*철*"), 표3[[#This Row],[건물연령]]>=20), "O", AND(COUNTIF(표3[[#This Row],[주용도]],"<>*공동*"), ISNUMBER(SEARCH("주택",표3[[#This Row],[주용도]])), 표3[[#This Row],[건물연령]]>=20), "O" ), "") )} | AG18: 철근콘크리트구조 | AI18: 공동주택 | AO18: 김제각외1 | AP18: 1094840777 | AR18: 65 | AS18: =IF( OR(표3[[#This Row],[생년월일]]="", ISBLANK(표3[[#This Row],[생년월일]])), "", IFERROR( _xlfn.LET( _xlpm.y, VALUE(표3[[#This Row],[생년월일]]), _xlpm.yyyy, IF(_xlpm.y<100, IF(_xlpm.y>25, 1900+_xlpm.y, 2000+_xlpm.y), _xlpm.y), _xlpm.age, YEAR(TODAY())-_xlpm.yyyy, IF( _xlpm.age<40,"40대 미만", IF(_xlpm.age<50,"40대", IF(_xlpm.age<60,"50대", IF(_xlpm.age<70,"60대", IF(_xlpm.age<80,"70대","80대 이상") )))) ), "") ) -> 60대 | AT18: 경기도 용인시 수지구 용구대로2771번길68, 108동 701호 (죽전동,벽산타운1단지) | AV18: O | AW18: =IF(COUNTIF('설명회 참석자 명부'!$W$4:$W$29,표3[[#This Row],[성 명]])>0,"O","") | AX18: =_xlfn.XLOOKUP(표3[[#This Row],[성 명]],'설명회 참석자 명부'!$W$4:$W$29,'설명회 참석자 명부'!$X$4:$X$29,"") | BB18: O | BK18: =IFERROR(LEFT(표3[[#This Row],[주소]],FIND(" ",표3[[#This Row],[주소]])-1),"") -> 경기도 | BL18: =IFERROR(MID(표3[[#This Row],[주소]], FIND(" ", 표3[[#This Row],[주소]])+1, FIND(" ", 표3[[#This Row],[주소]], FIND(" ", 표3[[#This Row],[주소]])+1) - FIND(" ", 표3[[#This Row],[주소]])-1),"") -> 용인시 | BM18: =IFERROR(MID(표3[[#This Row],[주소]], FIND(" ", 표3[[#This Row],[주소]], FIND(" ", 표3[[#This Row],[주소]])+1)+1, FIND(" ", 표3[[#This Row],[주소]], FIND(" ", 표3[[#This Row],[주소]], FIND(" ", 표3[[#This Row],[주소]])+1)+1) - FIND(" ", 표3[[#This Row],[주소]], FIND(" ", 표3[[#This Row],[주소]])+1)-1),"") -> 수지구 | BY18: 소매점 | BZ18: 140.18 | CA18: 62.45 | CB18: 963000000 | CC18: 963000000 | CD18: =표3[[#This Row],[종전추정가액]]*1.5219 -> 1465589700
B19: 11 | C19: 28 | D19: 2 | E19: 청송하이츠빌 | F19: 102 | K19: O | L19: O | M19: O | P19: [2026.04.13 17:04] 이민후 팀장: 금일 준비위원 회의시 동의서 제출 [2026.04.13 17:20] 이민후 팀장: 4-13 간담회 참석 | R19: 0 | S19: 18.83 | T19: =표3[[#This Row],[편입면적]]/(SUM(표3[공부면적])) -> 0.0023525737 | W19: 42.28 | X19: 3.15 | Y19: 45.43 | AE19: {=IF(표3[[#This Row],[사용승인일자]]="","", IFERROR( _xlfn.IFS( AND(ISNUMBER(SEARCH("공동",표3[[#This Row],[주용도]])), ISNUMBER(SEARCH("철",표3[[#This Row],[주구조]])), 표3[[#This Row],[건물연령]]>=30), "O", AND(ISNUMBER(SEARCH("공동",표3[[#This Row],[주용도]])), COUNTIF(표3[[#This Row],[주구조]],"<>*철*"), 표3[[#This Row],[건물연령]]>=20), "O", AND(COUNTIF(표3[[#This Row],[주용도]],"<>*공동*"), COUNTIF(표3[[#This Row],[주용도]],"<>*단독*"), ISNUMBER(SEARCH("철",표3[[#This Row],[주구조]])), 표3[[#This Row],[건물연령]]>=30), "O", AND(COUNTIF(표3[[#This Row],[주용도]],"<>*공동*"), COUNTIF(표3[[#This Row],[주구조]],"<>*철*"), 표3[[#This Row],[건물연령]]>=20), "O", AND(COUNTIF(표3[[#This Row],[주용도]],"<>*공동*"), ISNUMBER(SEARCH("주택",표3[[#This Row],[주용도]])), 표3[[#This Row],[건물연령]]>=20), "O" ), "") )} | AG19: 철근콘크리트구조 | AI19: 공동주택 | AO19: 김제각외1 | AP19: 1044530114 | AS19: =IF( OR(표3[[#This Row],[생년월일]]="", ISBLANK(표3[[#This Row],[생년월일]])), "", IFERROR( _xlfn.LET( _xlpm.y, VALUE(표3[[#This Row],[생년월일]]), _xlpm.yyyy, IF(_xlpm.y<100, IF(_xlpm.y>25, 1900+_xlpm.y, 2000+_xlpm.y), _xlpm.y), _xlpm.age, YEAR(TODAY())-_xlpm.yyyy, IF( _xlpm.age<40,"40대 미만", IF(_xlpm.age<50,"40대", IF(_xlpm.age<60,"50대", IF(_xlpm.age<70,"60대", IF(_xlpm.age<80,"70대","80대 이상") )))) ), "") ) | AT19: 경기도 용인시 수지구 용구대로2771번길68, 108동 701호 (죽전동,벽산타운1단지) | AW19: =IF(COUNTIF('설명회 참석자 명부'!$W$4:$W$29,표3[[#This Row],[성 명]])>0,"O","") | AX19: =_xlfn.XLOOKUP(표3[[#This Row],[성 명]],'설명회 참석자 명부'!$W$4:$W$29,'설명회 참석자 명부'!$X$4:$X$29,"") | BB19: O | BK19: =IFERROR(LEFT(표3[[#This Row],[주소]],FIND(" ",표3[[#This Row],[주소]])-1),"") -> 경기도 | BL19: =IFERROR(MID(표3[[#This Row],[주소]], FIND(" ", 표3[[#This Row],[주소]])+1, FIND(" ", 표3[[#This Row],[주소]], FIND(" ", 표3[[#This Row],[주소]])+1) - FIND(" ", 표3[[#This Row],[주소]])-1),"") -> 용인시 | BM19: =IFERROR(MID(표3[[#This Row],[주소]], FIND(" ", 표3[[#This Row],[주소]], FIND(" ", 표3[[#This Row],[주소]])+1)+1, FIND(" ", 표3[[#This Row],[주소]], FIND(" ", 표3[[#This Row],[주소]], FIND(" ", 표3[[#This Row],[주소]])+1)+1) - FIND(" ", 표3[[#This Row],[주소]], FIND(" ", 표3[[#This Row],[주소]])+1)-1),"") -> 수지구 | BY19: 소매점 | BZ19: 42.28 | CA19: 18.83 | CB19: 290000000 | CC19: 290000000 | CD19: =표3[[#This Row],[종전추정가액]]*1.5219 -> 441351000
B20: 12 | C20: 28 | D20: 2 | E20: 청송하이츠빌 | F20: 201 | R20: 0 | S20: 34.05 | T20: =표3[[#This Row],[편입면적]]/(SUM(표3[공부면적])) -> 0.0042541229 | W20: 76.44 | X20: 5.7 | Y20: 82.14 | AE20: {=IF(표3[[#This Row],[사용승인일자]]="","", IFERROR( _xlfn.IFS( AND(ISNUMBER(SEARCH("공동",표3[[#This Row],[주용도]])), ISNUMBER(SEARCH("철",표3[[#This Row],[주구조]])), 표3[[#This Row],[건물연령]]>=30), "O", AND(ISNUMBER(SEARCH("공동",표3[[#This Row],[주용도]])), COUNTIF(표3[[#This Row],[주구조]],"<>*철*"), 표3[[#This Row],[건물연령]]>=20), "O", AND(COUNTIF(표3[[#This Row],[주용도]],"<>*공동*"), COUNTIF(표3[[#This Row],[주용도]],"<>*단독*"), ISNUMBER(SEARCH("철",표3[[#This Row],[주구조]])), 표3[[#This Row],[건물연령]]>=30), "O", AND(COUNTIF(표3[[#This Row],[주용도]],"<>*공동*"), COUNTIF(표3[[#This Row],[주구조]],"<>*철*"), 표3[[#This Row],[건물연령]]>=20), "O", AND(COUNTIF(표3[[#This Row],[주용도]],"<>*공동*"), ISNUMBER(SEARCH("주택",표3[[#This Row],[주용도]])), 표3[[#This Row],[건물연령]]>=20), "O" ), "") )} | AG20: 철근콘크리트구조 | AI20: 공동주택 | AO20: 이지은 | AP20: 1090234936 | AR20: 64 | AS20: =IF( OR(표3[[#This Row],[생년월일]]="", ISBLANK(표3[[#This Row],[생년월일]])), "", IFERROR( _xlfn.LET( _xlpm.y, VALUE(표3[[#This Row],[생년월일]]), _xlpm.yyyy, IF(_xlpm.y<100, IF(_xlpm.y>25, 1900+_xlpm.y, 2000+_xlpm.y), _xlpm.y), _xlpm.age, YEAR(TODAY())-_xlpm.yyyy, IF( _xlpm.age<40,"40대 미만", IF(_xlpm.age<50,"40대", IF(_xlpm.age<60,"50대", IF(_xlpm.age<70,"60대", IF(_xlpm.age<80,"70대","80대 이상") )))) ), "") ) -> 60대 | AT20: 서울 송파구 문정동 28-2 청송하이츠빌 201호 | AW20: =IF(COUNTIF('설명회 참석자 명부'!$W$4:$W$29,표3[[#This Row],[성 명]])>0,"O","") | AX20: =_xlfn.XLOOKUP(표3[[#This Row],[성 명]],'설명회 참석자 명부'!$W$4:$W$29,'설명회 참석자 명부'!$X$4:$X$29,"") | BK20: =IFERROR(LEFT(표3[[#This Row],[주소]],FIND(" ",표3[[#This Row],[주소]])-1),"") -> 서울 | BL20: =IFERROR(MID(표3[[#This Row],[주소]], FIND(" ", 표3[[#This Row],[주소]])+1, FIND(" ", 표3[[#This Row],[주소]], FIND(" ", 표3[[#This Row],[주소]])+1) - FIND(" ", 표3[[#This Row],[주소]])-1),"") -> 송파구 | BM20: =IFERROR(MID(표3[[#This Row],[주소]], FIND(" ", 표3[[#This Row],[주소]], FIND(" ", 표3[[#This Row],[주소]])+1)+1, FIND(" ", 표3[[#This Row],[주소]], FIND(" ", 표3[[#This Row],[주소]], FIND(" ", 표3[[#This Row],[주소]])+1)+1) - FIND(" ", 표3[[#This Row],[주소]], FIND(" ", 표3[[#This Row],[주소]])+1)-1),"") -> 문정동 | BY20: 다세대 | BZ20: 76.44 | CA20: 34.05 | CB20: 539000000 | CC20: 539000000 | CD20: =표3[[#This Row],[종전추정가액]]*1.5219 -> 820304100
B21: 13 | C21: 28 | D21: 2 | E21: 청송하이츠빌 | F21: 202 | R21: 0 | S21: 34.05 | T21: =표3[[#This Row],[편입면적]]/(SUM(표3[공부면적])) -> 0.0042541229 | W21: 76.44 | X21: 5.7 | Y21: 82.14 | AE21: {=IF(표3[[#This Row],[사용승인일자]]="","", IFERROR( _xlfn.IFS( AND(ISNUMBER(SEARCH("공동",표3[[#This Row],[주용도]])), ISNUMBER(SEARCH("철",표3[[#This Row],[주구조]])), 표3[[#This Row],[건물연령]]>=30), "O", AND(ISNUMBER(SEARCH("공동",표3[[#This Row],[주용도]])), COUNTIF(표3[[#This Row],[주구조]],"<>*철*"), 표3[[#This Row],[건물연령]]>=20), "O", AND(COUNTIF(표3[[#This Row],[주용도]],"<>*공동*"), COUNTIF(표3[[#This Row],[주용도]],"<>*단독*"), ISNUMBER(SEARCH("철",표3[[#This Row],[주구조]])), 표3[[#This Row],[건물연령]]>=30), "O", AND(COUNTIF(표3[[#This Row],[주용도]],"<>*공동*"), COUNTIF(표3[[#This Row],[주구조]],"<>*철*"), 표3[[#This Row],[건물연령]]>=20), "O", AND(COUNTIF(표3[[#This Row],[주용도]],"<>*공동*"), ISNUMBER(SEARCH("주택",표3[[#This Row],[주용도]])), 표3[[#This Row],[건물연령]]>=20), "O" ), "") )} | AG21: 철근콘크리트구조 | AI21: 공동주택 | AO21: 강재형 | AP21: 1052729620 | AR21: 60 | AS21: =IF( OR(표3[[#This Row],[생년월일]]="", ISBLANK(표3[[#This Row],[생년월일]])), "", IFERROR( _xlfn.LET( _xlpm.y, VALUE(표3[[#This Row],[생년월일]]), _xlpm.yyyy, IF(_xlpm.y<100, IF(_xlpm.y>25, 1900+_xlpm.y, 2000+_xlpm.y), _xlpm.y), _xlpm.age, YEAR(TODAY())-_xlpm.yyyy, IF( _xlpm.age<40,"40대 미만", IF(_xlpm.age<50,"40대", IF(_xlpm.age<60,"50대", IF(_xlpm.age<70,"60대", IF(_xlpm.age<80,"70대","80대 이상") )))) ), "") ) -> 60대 | AT21: 서울 송파구 문정동 28-2 청송빌라 202호 | AU21: O | AW21: =IF(COUNTIF('설명회 참석자 명부'!$W$4:$W$29,표3[[#This Row],[성 명]])>0,"O","") | BA21: O | BB21: O | BK21: =IFERROR(LEFT(표3[[#This Row],[주소]],FIND(" ",표3[[#This Row],[주소]])-1),"") -> 서울 | BL21: =IFERROR(MID(표3[[#This Row],[주소]], FIND(" ", 표3[[#This Row],[주소]])+1, FIND(" ", 표3[[#This Row],[주소]], FIND(" ", 표3[[#This Row],[주소]])+1) - FIND(" ", 표3[[#This Row],[주소]])-1),"") -> 송파구 | BM21: =IFERROR(MID(표3[[#This Row],[주소]], FIND(" ", 표3[[#This Row],[주소]], FIND(" ", 표3[[#This Row],[주소]])+1)+1, FIND(" ", 표3[[#This Row],[주소]], FIND(" ", 표3[[#This Row],[주소]], FIND(" ", 표3[[#This Row],[주소]])+1)+1) - FIND(" ", 표3[[#This Row],[주소]], FIND(" ", 표3[[#This Row],[주소]])+1)-1),"") -> 문정동 | BY21: 다세대 | BZ21: 76.44 | CA21: 34.05 | CB21: 539000000 | CC21: 539000000 | CD21: =표3[[#This Row],[종전추정가액]]*1.5219 -> 820304100
B22: 14 | C22: 28 | D22: 2 | E22: 청송하이츠빌 | F22: 301 | P22: [2026.04.14 13:33] 최광식 부사장: 4/14 문주영님 어머님 방문. 딸은 직장인이라 방문이 어려움. | R22: 0 | S22: 34.05 | T22: =표3[[#This Row],[편입면적]]/(SUM(표3[공부면적])) -> 0.0042541229 | W22: 76.44 | X22: 5.7 | Y22: 82.14 | AE22: {=IF(표3[[#This Row],[사용승인일자]]="","", IFERROR( _xlfn.IFS( AND(ISNUMBER(SEARCH("공동",표3[[#This Row],[주용도]])), ISNUMBER(SEARCH("철",표3[[#This Row],[주구조]])), 표3[[#This Row],[건물연령]]>=30), "O", AND(ISNUMBER(SEARCH("공동",표3[[#This Row],[주용도]])), COUNTIF(표3[[#This Row],[주구조]],"<>*철*"), 표3[[#This Row],[건물연령]]>=20), "O", AND(COUNTIF(표3[[#This Row],[주용도]],"<>*공동*"), COUNTIF(표3[[#This Row],[주용도]],"<>*단독*"), ISNUMBER(SEARCH("철",표3[[#This Row],[주구조]])), 표3[[#This Row],[건물연령]]>=30), "O", AND(COUNTIF(표3[[#This Row],[주용도]],"<>*공동*"), COUNTIF(표3[[#This Row],[주구조]],"<>*철*"), 표3[[#This Row],[건물연령]]>=20), "O", AND(COUNTIF(표3[[#This Row],[주용도]],"<>*공동*"), ISNUMBER(SEARCH("주택",표3[[#This Row],[주용도]])), 표3[[#This Row],[건물연령]]>=20), "O" ), "") )} | AG22: 철근콘크리트구조 | AI22: 공동주택 | AO22: 문주영외1 | AP22: 1088667967 | AR22: 83 | AS22: =IF( OR(표3[[#This Row],[생년월일]]="", ISBLANK(표3[[#This Row],[생년월일]])), "", IFERROR( _xlfn.LET( _xlpm.y, VALUE(표3[[#This Row],[생년월일]]), _xlpm.yyyy, IF(_xlpm.y<100, IF(_xlpm.y>25, 1900+_xlpm.y, 2000+_xlpm.y), _xlpm.y), _xlpm.age, YEAR(TODAY())-_xlpm.yyyy, IF( _xlpm.age<40,"40대 미만", IF(_xlpm.age<50,"40대", IF(_xlpm.age<60,"50대", IF(_xlpm.age<70,"60대", IF(_xlpm.age<80,"70대","80대 이상") )))) ), "") ) -> 40대 | AT22: 문정로55 102동702호 | AU22: O | AW22: =IF(COUNTIF('설명회 참석자 명부'!$W$4:$W$29,표3[[#This Row],[성 명]])>0,"O","") | AX22: =_xlfn.XLOOKUP(표3[[#This Row],[성 명]],'설명회 참석자 명부'!$W$4:$W$29,'설명회 참석자 명부'!$X$4:$X$29,"") | BB22: O | BK22: =IFERROR(LEFT(표3[[#This Row],[주소]],FIND(" ",표3[[#This Row],[주소]])-1),"") -> 문정로55 | BL22: =IFERROR(MID(표3[[#This Row],[주소]], FIND(" ", 표3[[#This Row],[주소]])+1, FIND(" ", 표3[[#This Row],[주소]], FIND(" ", 표3[[#This Row],[주소]])+1) - FIND(" ", 표3[[#This Row],[주소]])-1),"") | BM22: =IFERROR(MID(표3[[#This Row],[주소]], FIND(" ", 표3[[#This Row],[주소]], FIND(" ", 표3[[#This Row],[주소]])+1)+1, FIND(" ", 표3[[#This Row],[주소]], FIND(" ", 표3[[#This Row],[주소]], FIND(" ", 표3[[#This Row],[주소]])+1)+1) - FIND(" ", 표3[[#This Row],[주소]], FIND(" ", 표3[[#This Row],[주소]])+1)-1),"") | BY22: 다세대 | BZ22: 76.44 | CA22: 34.05 | CB22: 544000000 | CC22: 544000000 | CD22: =표3[[#This Row],[종전추정가액]]*1.5219 -> 827913600
B23: 15 | C23: 28 | D23: 2 | E23: 청송하이츠빌 | F23: 302 | K23: O | L23: O | M23: O | P23: [2026.04.13 09:49] 이민후 팀장: 3차설명회 당일 동의 [2026.04.13 17:19] 이민후 팀장: 4-13 간담회 참석 | R23: 0 | S23: 34.05 | T23: =표3[[#This Row],[편입면적]]/(SUM(표3[공부면적])) -> 0.0042541229 | W23: 76.44 | X23: 5.7 | Y23: 82.14 | AE23: {=IF(표3[[#This Row],[사용승인일자]]="","", IFERROR( _xlfn.IFS( AND(ISNUMBER(SEARCH("공동",표3[[#This Row],[주용도]])), ISNUMBER(SEARCH("철",표3[[#This Row],[주구조]])), 표3[[#This Row],[건물연령]]>=30), "O", AND(ISNUMBER(SEARCH("공동",표3[[#This Row],[주용도]])), COUNTIF(표3[[#This Row],[주구조]],"<>*철*"), 표3[[#This Row],[건물연령]]>=20), "O", AND(COUNTIF(표3[[#This Row],[주용도]],"<>*공동*"), COUNTIF(표3[[#This Row],[주용도]],"<>*단독*"), ISNUMBER(SEARCH("철",표3[[#This Row],[주구조]])), 표3[[#This Row],[건물연령]]>=30), "O", AND(COUNTIF(표3[[#This Row],[주용도]],"<>*공동*"), COUNTIF(표3[[#This Row],[주구조]],"<>*철*"), 표3[[#This Row],[건물연령]]>=20), "O", AND(COUNTIF(표3[[#This Row],[주용도]],"<>*공동*"), ISNUMBER(SEARCH("주택",표3[[#This Row],[주용도]])), 표3[[#This Row],[건물연령]]>=20), "O" ), "") )} | AG23: 철근콘크리트구조 | AI23: 공동주택 | AO23: 서용숙 | AP23: 010-5232-2332 010-9183-6367 | AQ23: 준비위원 남편 최영훈 | AR23: 67 | AS23: =IF( OR(표3[[#This Row],[생년월일]]="", ISBLANK(표3[[#This Row],[생년월일]])), "", IFERROR( _xlfn.LET( _xlpm.y, VALUE(표3[[#This Row],[생년월일]]), _xlpm.yyyy, IF(_xlpm.y<100, IF(_xlpm.y>25, 1900+_xlpm.y, 2000+_xlpm.y), _xlpm.y), _xlpm.age, YEAR(TODAY())-_xlpm.yyyy, IF( _xlpm.age<40,"40대 미만", IF(_xlpm.age<50,"40대", IF(_xlpm.age<60,"50대", IF(_xlpm.age<70,"60대", IF(_xlpm.age<80,"70대","80대 이상") )))) ), "") ) -> 50대 | AT23: 서울특별시 송파구 문정동 28-2 청송빌라 에이-302 | AU23: O | AV23: O | AW23: =IF(COUNTIF('설명회 참석자 명부'!$W$4:$W$29,표3[[#This Row],[성 명]])>0,"O","") | AX23: =_xlfn.XLOOKUP(표3[[#This Row],[성 명]],'설명회 참석자 명부'!$W$4:$W$29,'설명회 참석자 명부'!$X$4:$X$29,"") | BB23: O | BK23: =IFERROR(LEFT(표3[[#This Row],[주소]],FIND(" ",표3[[#This Row],[주소]])-1),"") -> 서울특별시 | BL23: =IFERROR(MID(표3[[#This Row],[주소]], FIND(" ", 표3[[#This Row],[주소]])+1, FIND(" ", 표3[[#This Row],[주소]], FIND(" ", 표3[[#This Row],[주소]])+1) - FIND(" ", 표3[[#This Row],[주소]])-1),"") -> 송파구 | BM23: =IFERROR(MID(표3[[#This Row],[주소]], FIND(" ", 표3[[#This Row],[주소]], FIND(" ", 표3[[#This Row],[주소]])+1)+1, FIND(" ", 표3[[#This Row],[주소]], FIND(" ", 표3[[#This Row],[주소]], FIND(" ", 표3[[#This Row],[주소]])+1)+1) - FIND(" ", 표3[[#This Row],[주소]], FIND(" ", 표3[[#This Row],[주소]])+1)-1),"") -> 문정동 | BY23: 다세대 | BZ23: 76.44 | CA23: 34.05 | CB23: 544000000 | CC23: 544000000 | CD23: =표3[[#This Row],[종전추정가액]]*1.5219 -> 827913600
B24: 16 | C24: 28 | D24: 2 | E24: 청송하이츠빌 | F24: 401 | K24: O | L24: O | M24: O | P24: [2026.04.13 09:49] 이민후 팀장: 3차설명회 당일 동의 | R24: 0 | S24: 34.05 | T24: =표3[[#This Row],[편입면적]]/(SUM(표3[공부면적])) -> 0.0042541229 | W24: 76.44 | X24: 5.7 | Y24: 82.14 | AE24: {=IF(표3[[#This Row],[사용승인일자]]="","", IFERROR( _xlfn.IFS( AND(ISNUMBER(SEARCH("공동",표3[[#This Row],[주용도]])), ISNUMBER(SEARCH("철",표3[[#This Row],[주구조]])), 표3[[#This Row],[건물연령]]>=30), "O", AND(ISNUMBER(SEARCH("공동",표3[[#This Row],[주용도]])), COUNTIF(표3[[#This Row],[주구조]],"<>*철*"), 표3[[#This Row],[건물연령]]>=20), "O", AND(COUNTIF(표3[[#This Row],[주용도]],"<>*공동*"), COUNTIF(표3[[#This Row],[주용도]],"<>*단독*"), ISNUMBER(SEARCH("철",표3[[#This Row],[주구조]])), 표3[[#This Row],[건물연령]]>=30), "O", AND(COUNTIF(표3[[#This Row],[주용도]],"<>*공동*"), COUNTIF(표3[[#This Row],[주구조]],"<>*철*"), 표3[[#This Row],[건물연령]]>=20), "O", AND(COUNTIF(표3[[#This Row],[주용도]],"<>*공동*"), ISNUMBER(SEARCH("주택",표3[[#This Row],[주용도]])), 표3[[#This Row],[건물연령]]>=20), "O" ), "") )} | AG24: 철근콘크리트구조 | AI24: 공동주택 | AO24: 변철종 | AP24: 1053684927 | AR24: 70 | AS24: =IF( OR(표3[[#This Row],[생년월일]]="", ISBLANK(표3[[#This Row],[생년월일]])), "", IFERROR( _xlfn.LET( _xlpm.y, VALUE(표3[[#This Row],[생년월일]]), _xlpm.yyyy, IF(_xlpm.y<100, IF(_xlpm.y>25, 1900+_xlpm.y, 2000+_xlpm.y), _xlpm.y), _xlpm.age, YEAR(TODAY())-_xlpm.yyyy, IF( _xlpm.age<40,"40대 미만", IF(_xlpm.age<50,"40대", IF(_xlpm.age<60,"50대", IF(_xlpm.age<70,"60대", IF(_xlpm.age<80,"70대","80대 이상") )))) ), "") ) -> 50대 | AT24: 서울특별시 송파구 동남로8길 6 ,401호(문정동) | AW24: =IF(COUNTIF('설명회 참석자 명부'!$W$4:$W$29,표3[[#This Row],[성 명]])>0,"O","") | AX24: =_xlfn.XLOOKUP(표3[[#This Row],[성 명]],'설명회 참석자 명부'!$W$4:$W$29,'설명회 참석자 명부'!$X$4:$X$29,"") | BB24: O | BK24: =IFERROR(LEFT(표3[[#This Row],[주소]],FIND(" ",표3[[#This Row],[주소]])-1),"") -> 서울특별시 | BL24: =IFERROR(MID(표3[[#This Row],[주소]], FIND(" ", 표3[[#This Row],[주소]])+1, FIND(" ", 표3[[#This Row],[주소]], FIND(" ", 표3[[#This Row],[주소]])+1) - FIND(" ", 표3[[#This Row],[주소]])-1),"") -> 송파구 | BM24: =IFERROR(MID(표3[[#This Row],[주소]], FIND(" ", 표3[[#This Row],[주소]], FIND(" ", 표3[[#This Row],[주소]])+1)+1, FIND(" ", 표3[[#This Row],[주소]], FIND(" ", 표3[[#This Row],[주소]], FIND(" ", 표3[[#This Row],[주소]])+1)+1) - FIND(" ", 표3[[#This Row],[주소]], FIND(" ", 표3[[#This Row],[주소]])+1)-1),"") -> 동남로8길 | BY24: 다세대 | BZ24: 76.44 | CA24: 34.05 | CB24: 544000000 | CC24: 544000000 | CD24: =표3[[#This Row],[종전추정가액]]*1.5219 -> 827913600
B25: 17 | C25: 28 | D25: 2 | E25: 청송하이츠빌 | F25: 402 | R25: 0 | S25: 34.02 | T25: =표3[[#This Row],[편입면적]]/(SUM(표3[공부면적])) -> 0.0042503748 | W25: 76.44 | X25: 5.7 | Y25: 82.14 | AE25: {=IF(표3[[#This Row],[사용승인일자]]="","", IFERROR( _xlfn.IFS( AND(ISNUMBER(SEARCH("공동",표3[[#This Row],[주용도]])), ISNUMBER(SEARCH("철",표3[[#This Row],[주구조]])), 표3[[#This Row],[건물연령]]>=30), "O", AND(ISNUMBER(SEARCH("공동",표3[[#This Row],[주용도]])), COUNTIF(표3[[#This Row],[주구조]],"<>*철*"), 표3[[#This Row],[건물연령]]>=20), "O", AND(COUNTIF(표3[[#This Row],[주용도]],"<>*공동*"), COUNTIF(표3[[#This Row],[주용도]],"<>*단독*"), ISNUMBER(SEARCH("철",표3[[#This Row],[주구조]])), 표3[[#This Row],[건물연령]]>=30), "O", AND(COUNTIF(표3[[#This Row],[주용도]],"<>*공동*"), COUNTIF(표3[[#This Row],[주구조]],"<>*철*"), 표3[[#This Row],[건물연령]]>=20), "O", AND(COUNTIF(표3[[#This Row],[주용도]],"<>*공동*"), ISNUMBER(SEARCH("주택",표3[[#This Row],[주용도]])), 표3[[#This Row],[건물연령]]>=20), "O" ), "") )} | AG25: 철근콘크리트구조 | AI25: 공동주택 | AO25: 김인순 | AP25: 010-5859-6947 010-6225-6947 | AR25: 45 | AS25: =IF( OR(표3[[#This Row],[생년월일]]="", ISBLANK(표3[[#This Row],[생년월일]])), "", IFERROR( _xlfn.LET( _xlpm.y, VALUE(표3[[#This Row],[생년월일]]), _xlpm.yyyy, IF(_xlpm.y<100, IF(_xlpm.y>25, 1900+_xlpm.y, 2000+_xlpm.y), _xlpm.y), _xlpm.age, YEAR(TODAY())-_xlpm.yyyy, IF( _xlpm.age<40,"40대 미만", IF(_xlpm.age<50,"40대", IF(_xlpm.age<60,"50대", IF(_xlpm.age<70,"60대", IF(_xlpm.age<80,"70대","80대 이상") )))) ), "") ) -> 80대 이상 | AT25: 경기도 남양주시 다산순환로 111 3003-1002 | AW25: =IF(COUNTIF('설명회 참석자 명부'!$W$4:$W$29,표3[[#This Row],[성 명]])>0,"O","") | AX25: =_xlfn.XLOOKUP(표3[[#This Row],[성 명]],'설명회 참석자 명부'!$W$4:$W$29,'설명회 참석자 명부'!$X$4:$X$29,"") | BB25: O | BK25: =IFERROR(LEFT(표3[[#This Row],[주소]],FIND(" ",표3[[#This Row],[주소]])-1),"") -> 경기도 | BL25: =IFERROR(MID(표3[[#This Row],[주소]], FIND(" ", 표3[[#This Row],[주소]])+1, FIND(" ", 표3[[#This Row],[주소]], FIND(" ", 표3[[#This Row],[주소]])+1) - FIND(" ", 표3[[#This Row],[주소]])-1),"") -> 남양주시 | BM25: =IFERROR(MID(표3[[#This Row],[주소]], FIND(" ", 표3[[#This Row],[주소]], FIND(" ", 표3[[#This Row],[주소]])+1)+1, FIND(" ", 표3[[#This Row],[주소]], FIND(" ", 표3[[#This Row],[주소]], FIND(" ", 표3[[#This Row],[주소]])+1)+1) - FIND(" ", 표3[[#This Row],[주소]], FIND(" ", 표3[[#This Row],[주소]])+1)-1),"") -> 다산순환로 | BY25: 다세대 | BZ25: 76.44 | CA25: 34.02 | CB25: 544000000 | CC25: 544000000 | CD25: =표3[[#This Row],[종전추정가액]]*1.5219 -> 827913600
B26: 18 | C26: 28 | D26: 2 | E26: 청송하이츠빌 | F26: 501 | R26: 0 | S26: 34.05 | T26: =표3[[#This Row],[편입면적]]/(SUM(표3[공부면적])) -> 0.0042541229 | W26: 76.44 | X26: 5.7 | Y26: 82.14 | AE26: {=IF(표3[[#This Row],[사용승인일자]]="","", IFERROR( _xlfn.IFS( AND(ISNUMBER(SEARCH("공동",표3[[#This Row],[주용도]])), ISNUMBER(SEARCH("철",표3[[#This Row],[주구조]])), 표3[[#This Row],[건물연령]]>=30), "O", AND(ISNUMBER(SEARCH("공동",표3[[#This Row],[주용도]])), COUNTIF(표3[[#This Row],[주구조]],"<>*철*"), 표3[[#This Row],[건물연령]]>=20), "O", AND(COUNTIF(표3[[#This Row],[주용도]],"<>*공동*"), COUNTIF(표3[[#This Row],[주용도]],"<>*단독*"), ISNUMBER(SEARCH("철",표3[[#This Row],[주구조]])), 표3[[#This Row],[건물연령]]>=30), "O", AND(COUNTIF(표3[[#This Row],[주용도]],"<>*공동*"), COUNTIF(표3[[#This Row],[주구조]],"<>*철*"), 표3[[#This Row],[건물연령]]>=20), "O", AND(COUNTIF(표3[[#This Row],[주용도]],"<>*공동*"), ISNUMBER(SEARCH("주택",표3[[#This Row],[주용도]])), 표3[[#This Row],[건물연령]]>=20), "O" ), "") )} | AG26: 철근콘크리트구조 | AI26: 공동주택 | AO26: 공성동외1 | AR26: 62 | AS26: =IF( OR(표3[[#This Row],[생년월일]]="", ISBLANK(표3[[#This Row],[생년월일]])), "", IFERROR( _xlfn.LET( _xlpm.y, VALUE(표3[[#This Row],[생년월일]]), _xlpm.yyyy, IF(_xlpm.y<100, IF(_xlpm.y>25, 1900+_xlpm.y, 2000+_xlpm.y), _xlpm.y), _xlpm.age, YEAR(TODAY())-_xlpm.yyyy, IF( _xlpm.age<40,"40대 미만", IF(_xlpm.age<50,"40대", IF(_xlpm.age<60,"50대", IF(_xlpm.age<70,"60대", IF(_xlpm.age<80,"70대","80대 이상") )))) ), "") ) -> 60대 | AT26: 서울특별시 송파구 오금로42길10,502호(가락동,공간아트빌라) | AW26: =IF(COUNTIF('설명회 참석자 명부'!$W$4:$W$29,표3[[#This Row],[성 명]])>0,"O","") | AX26: =_xlfn.XLOOKUP(표3[[#This Row],[성 명]],'설명회 참석자 명부'!$W$4:$W$29,'설명회 참석자 명부'!$X$4:$X$29,"") | BK26: =IFERROR(LEFT(표3[[#This Row],[주소]],FIND(" ",표3[[#This Row],[주소]])-1),"") -> 서울특별시 | BL26: =IFERROR(MID(표3[[#This Row],[주소]], FIND(" ", 표3[[#This Row],[주소]])+1, FIND(" ", 표3[[#This Row],[주소]], FIND(" ", 표3[[#This Row],[주소]])+1) - FIND(" ", 표3[[#This Row],[주소]])-1),"") -> 송파구 | BM26: =IFERROR(MID(표3[[#This Row],[주소]], FIND(" ", 표3[[#This Row],[주소]], FIND(" ", 표3[[#This Row],[주소]])+1)+1, FIND(" ", 표3[[#This Row],[주소]], FIND(" ", 표3[[#This Row],[주소]], FIND(" ", 표3[[#This Row],[주소]])+1)+1) - FIND(" ", 표3[[#This Row],[주소]], FIND(" ", 표3[[#This Row],[주소]])+1)-1),"") | BY26: 다세대 | BZ26: 76.44 | CA26: 34.05 | CB26: 544000000 | CC26: 544000000 | CD26: =표3[[#This Row],[종전추정가액]]*1.5219 -> 827913600
B27: 19 | C27: 28 | D27: 2 | E27: 청송하이츠빌 | F27: 502 | K27: O | L27: O | M27: O | P27: [2026.04.13 09:48] 이민후 팀장: 3차설명회 당일 동의 [2026.04.13 10:44] 최광식 부사장: test [2026.04.16 11:05] 최광식 부사장: 키 크신 여사님. 준비위원 저녁(4/13)에 참석함. 활동적이심. 김창섭(콧수염사장님)씨의 형수님. | R27: 0 | S27: 34.05 | T27: =표3[[#This Row],[편입면적]]/(SUM(표3[공부면적])) -> 0.0042541229 | W27: 76.44 | X27: 5.7 | Y27: 82.14 | AE27: {=IF(표3[[#This Row],[사용승인일자]]="","", IFERROR( _xlfn.IFS( AND(ISNUMBER(SEARCH("공동",표3[[#This Row],[주용도]])), ISNUMBER(SEARCH("철",표3[[#This Row],[주구조]])), 표3[[#This Row],[건물연령]]>=30), "O", AND(ISNUMBER(SEARCH("공동",표3[[#This Row],[주용도]])), COUNTIF(표3[[#This Row],[주구조]],"<>*철*"), 표3[[#This Row],[건물연령]]>=20), "O", AND(COUNTIF(표3[[#This Row],[주용도]],"<>*공동*"), COUNTIF(표3[[#This Row],[주용도]],"<>*단독*"), ISNUMBER(SEARCH("철",표3[[#This Row],[주구조]])), 표3[[#This Row],[건물연령]]>=30), "O", AND(COUNTIF(표3[[#This Row],[주용도]],"<>*공동*"), COUNTIF(표3[[#This Row],[주구조]],"<>*철*"), 표3[[#This Row],[건물연령]]>=20), "O", AND(COUNTIF(표3[[#This Row],[주용도]],"<>*공동*"), ISNUMBER(SEARCH("주택",표3[[#This Row],[주용도]])), 표3[[#This Row],[건물연령]]>=20), "O" ), "") )} | AG27: 철근콘크리트구조 | AI27: 공동주택 | AO27: 정금자 | AP27: 1062694936 | AQ27: 준비위원 참여가능 | AS27: =IF( OR(표3[[#This Row],[생년월일]]="", ISBLANK(표3[[#This Row],[생년월일]])), "", IFERROR( _xlfn.LET( _xlpm.y, VALUE(표3[[#This Row],[생년월일]]), _xlpm.yyyy, IF(_xlpm.y<100, IF(_xlpm.y>25, 1900+_xlpm.y, 2000+_xlpm.y), _xlpm.y), _xlpm.age, YEAR(TODAY())-_xlpm.yyyy, IF( _xlpm.age<40,"40대 미만", IF(_xlpm.age<50,"40대", IF(_xlpm.age<60,"50대", IF(_xlpm.age<70,"60대", IF(_xlpm.age<80,"70대","80대 이상") )))) ), "") ) | AT27: 서울특별시 송파구 동남로8길6, 에이동 502호(문정동,청송하이츠빌라) | AU27: O | AV27: O | AW27: =IF(COUNTIF('설명회 참석자 명부'!$W$4:$W$29,표3[[#This Row],[성 명]])>0,"O","") | AX27: =_xlfn.XLOOKUP(표3[[#This Row],[성 명]],'설명회 참석자 명부'!$W$4:$W$29,'설명회 참석자 명부'!$X$4:$X$29,"") | BA27: O | BB27: O | BK27: =IFERROR(LEFT(표3[[#This Row],[주소]],FIND(" ",표3[[#This Row],[주소]])-1),"") -> 서울특별시 | BL27: =IFERROR(MID(표3[[#This Row],[주소]], FIND(" ", 표3[[#This Row],[주소]])+1, FIND(" ", 표3[[#This Row],[주소]], FIND(" ", 표3[[#This Row],[주소]])+1) - FIND(" ", 표3[[#This Row],[주소]])-1),"") -> 송파구 | BM27: =IFERROR(MID(표3[[#This Row],[주소]], FIND(" ", 표3[[#This Row],[주소]], FIND(" ", 표3[[#This Row],[주소]])+1)+1, FIND(" ", 표3[[#This Row],[주소]], FIND(" ", 표3[[#This Row],[주소]], FIND(" ", 표3[[#This Row],[주소]])+1)+1) - FIND(" ", 표3[[#This Row],[주소]], FIND(" ", 표3[[#This Row],[주소]])+1)-1),"") -> 동남로8길6, | BY27: 다세대 | BZ27: 76.44 | CA27: 34.05 | CB27: 544000000 | CC27: 544000000 | CD27: =표3[[#This Row],[종전추정가액]]*1.5219 -> 827913600
C28: 28 | D28: 3 | E28: 양지빌라 | F28: 0 | Q28: 대 | R28: 223.9 | T28: =표3[[#This Row],[편입면적]]/(SUM(표3[공부면적])) -> 0 | U28: O | Y28: 0 | Z28: 544.26 | AC28: 2004.09.22 | AD28: 21 | AE28: {=IF(표3[[#This Row],[사용승인일자]]="","", IFERROR( _xlfn.IFS( AND(ISNUMBER(SEARCH("공동",표3[[#This Row],[주용도]])), ISNUMBER(SEARCH("철",표3[[#This Row],[주구조]])), 표3[[#This Row],[건물연령]]>=30), "O", AND(ISNUMBER(SEARCH("공동",표3[[#This Row],[주용도]])), COUNTIF(표3[[#This Row],[주구조]],"<>*철*"), 표3[[#This Row],[건물연령]]>=20), "O", AND(COUNTIF(표3[[#This Row],[주용도]],"<>*공동*"), COUNTIF(표3[[#This Row],[주용도]],"<>*단독*"), ISNUMBER(SEARCH("철",표3[[#This Row],[주구조]])), 표3[[#This Row],[건물연령]]>=30), "O", AND(COUNTIF(표3[[#This Row],[주용도]],"<>*공동*"), COUNTIF(표3[[#This Row],[주구조]],"<>*철*"), 표3[[#This Row],[건물연령]]>=20), "O", AND(COUNTIF(표3[[#This Row],[주용도]],"<>*공동*"), ISNUMBER(SEARCH("주택",표3[[#This Row],[주용도]])), 표3[[#This Row],[건물연령]]>=20), "O" ), "") )} | AG28: 철근콘크리트구조 | AI28: 공동주택 | AM28: 5 | AN28: 0 | AS28: =IF( OR(표3[[#This Row],[생년월일]]="", ISBLANK(표3[[#This Row],[생년월일]])), "", IFERROR( _xlfn.LET( _xlpm.y, VALUE(표3[[#This Row],[생년월일]]), _xlpm.yyyy, IF(_xlpm.y<100, IF(_xlpm.y>25, 1900+_xlpm.y, 2000+_xlpm.y), _xlpm.y), _xlpm.age, YEAR(TODAY())-_xlpm.yyyy, IF( _xlpm.age<40,"40대 미만", IF(_xlpm.age<50,"40대", IF(_xlpm.age<60,"50대", IF(_xlpm.age<70,"60대", IF(_xlpm.age<80,"70대","80대 이상") )))) ), "") ) | AW28: =IF(COUNTIF('설명회 참석자 명부'!$W$4:$W$29,표3[[#This Row],[성 명]])>0,"O","") | AX28: =_xlfn.XLOOKUP(표3[[#This Row],[성 명]],'설명회 참석자 명부'!$W$4:$W$29,'설명회 참석자 명부'!$X$4:$X$29,"") -> 0 | BK28: =IFERROR(LEFT(표3[[#This Row],[주소]],FIND(" ",표3[[#This Row],[주소]])-1),"") | BL28: =IFERROR(MID(표3[[#This Row],[주소]], FIND(" ", 표3[[#This Row],[주소]])+1, FIND(" ", 표3[[#This Row],[주소]], FIND(" ", 표3[[#This Row],[주소]])+1) - FIND(" ", 표3[[#This Row],[주소]])-1),"") | BM28: =IFERROR(MID(표3[[#This Row],[주소]], FIND(" ", 표3[[#This Row],[주소]], FIND(" ", 표3[[#This Row],[주소]])+1)+1, FIND(" ", 표3[[#This Row],[주소]], FIND(" ", 표3[[#This Row],[주소]], FIND(" ", 표3[[#This Row],[주소]])+1)+1) - FIND(" ", 표3[[#This Row],[주소]], FIND(" ", 표3[[#This Row],[주소]])+1)-1),"") | CD28: =표3[[#This Row],[종전추정가액]]*1.5219 -> 0
B29: 20 | C29: 28 | D29: 3 | E29: 양지빌라 | F29: 201 | K29: O | L29: O | M29: O | P29: [2026.04.15 17:32] 최광식 부사장: 4/15 민경애/이완규 공동명의. 두분 다 오셔서 대표자(이완규)선임하심. 동의서 작성완료. | R29: 0 | S29: 29 | T29: =표3[[#This Row],[편입면적]]/(SUM(표3[공부면적])) -> 0.0036231884 | W29: 61.65 | X29: 8.72 | Y29: 70.37 | AE29: {=IF(표3[[#This Row],[사용승인일자]]="","", IFERROR( _xlfn.IFS( AND(ISNUMBER(SEARCH("공동",표3[[#This Row],[주용도]])), ISNUMBER(SEARCH("철",표3[[#This Row],[주구조]])), 표3[[#This Row],[건물연령]]>=30), "O", AND(ISNUMBER(SEARCH("공동",표3[[#This Row],[주용도]])), COUNTIF(표3[[#This Row],[주구조]],"<>*철*"), 표3[[#This Row],[건물연령]]>=20), "O", AND(COUNTIF(표3[[#This Row],[주용도]],"<>*공동*"), COUNTIF(표3[[#This Row],[주용도]],"<>*단독*"), ISNUMBER(SEARCH("철",표3[[#This Row],[주구조]])), 표3[[#This Row],[건물연령]]>=30), "O", AND(COUNTIF(표3[[#This Row],[주용도]],"<>*공동*"), COUNTIF(표3[[#This Row],[주구조]],"<>*철*"), 표3[[#This Row],[건물연령]]>=20), "O", AND(COUNTIF(표3[[#This Row],[주용도]],"<>*공동*"), ISNUMBER(SEARCH("주택",표3[[#This Row],[주용도]])), 표3[[#This Row],[건물연령]]>=20), "O" ), "") )} | AG29: 철근콘크리트구조 | AI29: 공동주택 | AO29: 민경애 | AP29: 1083435510 | AQ29: 알바로 시간잉 없다고 함 | AR29: 56 | AS29: =IF( OR(표3[[#This Row],[생년월일]]="", ISBLANK(표3[[#This Row],[생년월일]])), "", IFERROR( _xlfn.LET( _xlpm.y, VALUE(표3[[#This Row],[생년월일]]), _xlpm.yyyy, IF(_xlpm.y<100, IF(_xlpm.y>25, 1900+_xlpm.y, 2000+_xlpm.y), _xlpm.y), _xlpm.age, YEAR(TODAY())-_xlpm.yyyy, IF( _xlpm.age<40,"40대 미만", IF(_xlpm.age<50,"40대", IF(_xlpm.age<60,"50대", IF(_xlpm.age<70,"60대", IF(_xlpm.age<80,"70대","80대 이상") )))) ), "") ) -> 70대 | AT29: 서울특별시 송파구 동남로6길 3-22, 201호 (문정동, 양지빌라) | AU29: O | AV29: O | AW29: =IF(COUNTIF('설명회 참석자 명부'!$W$4:$W$29,표3[[#This Row],[성 명]])>0,"O","") | AX29: =_xlfn.XLOOKUP(표3[[#This Row],[성 명]],'설명회 참석자 명부'!$W$4:$W$29,'설명회 참석자 명부'!$X$4:$X$29,"") | BA29: O | BK29: =IFERROR(LEFT(표3[[#This Row],[주소]],FIND(" ",표3[[#This Row],[주소]])-1),"") -> 서울특별시 | BL29: =IFERROR(MID(표3[[#This Row],[주소]], FIND(" ", 표3[[#This Row],[주소]])+1, FIND(" ", 표3[[#This Row],[주소]], FIND(" ", 표3[[#This Row],[주소]])+1) - FIND(" ", 표3[[#This Row],[주소]])-1),"") -> 송파구 | BM29: =IFERROR(MID(표3[[#This Row],[주소]], FIND(" ", 표3[[#This Row],[주소]], FIND(" ", 표3[[#This Row],[주소]])+1)+1, FIND(" ", 표3[[#This Row],[주소]], FIND(" ", 표3[[#This Row],[주소]], FIND(" ", 표3[[#This Row],[주소]])+1)+1) - FIND(" ", 표3[[#This Row],[주소]], FIND(" ", 표3[[#This Row],[주소]])+1)-1),"") -> 동남로6길 | BY29: 다세대 | BZ29: 61.65 | CA29: 29 | CB29: 452000000 | CC29: 452000000 | CD29: =표3[[#This Row],[종전추정가액]]*1.5219 -> 687898800
B30: 21 | C30: 28 | D30: 3 | E30: 양지빌라 | F30: 202 | R30: 0 | S30: 29 | T30: =표3[[#This Row],[편입면적]]/(SUM(표3[공부면적])) -> 0.0036231884 | W30: 61.65 | X30: 8.72 | Y30: 70.37 | AE30: {=IF(표3[[#This Row],[사용승인일자]]="","", IFERROR( _xlfn.IFS( AND(ISNUMBER(SEARCH("공동",표3[[#This Row],[주용도]])), ISNUMBER(SEARCH("철",표3[[#This Row],[주구조]])), 표3[[#This Row],[건물연령]]>=30), "O", AND(ISNUMBER(SEARCH("공동",표3[[#This Row],[주용도]])), COUNTIF(표3[[#This Row],[주구조]],"<>*철*"), 표3[[#This Row],[건물연령]]>=20), "O", AND(COUNTIF(표3[[#This Row],[주용도]],"<>*공동*"), COUNTIF(표3[[#This Row],[주용도]],"<>*단독*"), ISNUMBER(SEARCH("철",표3[[#This Row],[주구조]])), 표3[[#This Row],[건물연령]]>=30), "O", AND(COUNTIF(표3[[#This Row],[주용도]],"<>*공동*"), COUNTIF(표3[[#This Row],[주구조]],"<>*철*"), 표3[[#This Row],[건물연령]]>=20), "O", AND(COUNTIF(표3[[#This Row],[주용도]],"<>*공동*"), ISNUMBER(SEARCH("주택",표3[[#This Row],[주용도]])), 표3[[#This Row],[건물연령]]>=20), "O" ), "") )} | AG30: 철근콘크리트구조 | AI30: 공동주택 | AO30: 배진선 | AR30: 87 | AS30: =IF( OR(표3[[#This Row],[생년월일]]="", ISBLANK(표3[[#This Row],[생년월일]])), "", IFERROR( _xlfn.LET( _xlpm.y, VALUE(표3[[#This Row],[생년월일]]), _xlpm.yyyy, IF(_xlpm.y<100, IF(_xlpm.y>25, 1900+_xlpm.y, 2000+_xlpm.y), _xlpm.y), _xlpm.age, YEAR(TODAY())-_xlpm.yyyy, IF( _xlpm.age<40,"40대 미만", IF(_xlpm.age<50,"40대", IF(_xlpm.age<60,"50대", IF(_xlpm.age<70,"60대", IF(_xlpm.age<80,"70대","80대 이상") )))) ), "") ) -> 40대 미만 | AT30: 서울특별시 송파구 새말로12길 9, 지층2호(문정동) | AW30: =IF(COUNTIF('설명회 참석자 명부'!$W$4:$W$29,표3[[#This Row],[성 명]])>0,"O","") | AX30: =_xlfn.XLOOKUP(표3[[#This Row],[성 명]],'설명회 참석자 명부'!$W$4:$W$29,'설명회 참석자 명부'!$X$4:$X$29,"") | BK30: =IFERROR(LEFT(표3[[#This Row],[주소]],FIND(" ",표3[[#This Row],[주소]])-1),"") -> 서울특별시 | BL30: =IFERROR(MID(표3[[#This Row],[주소]], FIND(" ", 표3[[#This Row],[주소]])+1, FIND(" ", 표3[[#This Row],[주소]], FIND(" ", 표3[[#This Row],[주소]])+1) - FIND(" ", 표3[[#This Row],[주소]])-1),"") -> 송파구 | BM30: =IFERROR(MID(표3[[#This Row],[주소]], FIND(" ", 표3[[#This Row],[주소]], FIND(" ", 표3[[#This Row],[주소]])+1)+1, FIND(" ", 표3[[#This Row],[주소]], FIND(" ", 표3[[#This Row],[주소]], FIND(" ", 표3[[#This Row],[주소]])+1)+1) - FIND(" ", 표3[[#This Row],[주소]], FIND(" ", 표3[[#This Row],[주소]])+1)-1),"") -> 새말로12길 | BY30: 다세대 | BZ30: 61.65 | CA30: 29 | CB30: 452000000 | CC30: 452000000 | CD30: =표3[[#This Row],[종전추정가액]]*1.5219 -> 687898800
B31: 22 | C31: 28 | D31: 3 | E31: 양지빌라 | F31: 301 | K31: O | L31: O | M31: O | P31: [2026.04.17 16:09] 최광식 부사장: 4-17 공동주택 총무님. 동의서 제출. 책자분출. | R31: 0 | S31: 29 | T31: =표3[[#This Row],[편입면적]]/(SUM(표3[공부면적])) -> 0.0036231884 | W31: 61.65 | X31: 8.72 | Y31: 70.37 | AE31: {=IF(표3[[#This Row],[사용승인일자]]="","", IFERROR( _xlfn.IFS( AND(ISNUMBER(SEARCH("공동",표3[[#This Row],[주용도]])), ISNUMBER(SEARCH("철",표3[[#This Row],[주구조]])), 표3[[#This Row],[건물연령]]>=30), "O", AND(ISNUMBER(SEARCH("공동",표3[[#This Row],[주용도]])), COUNTIF(표3[[#This Row],[주구조]],"<>*철*"), 표3[[#This Row],[건물연령]]>=20), "O", AND(COUNTIF(표3[[#This Row],[주용도]],"<>*공동*"), COUNTIF(표3[[#This Row],[주용도]],"<>*단독*"), ISNUMBER(SEARCH("철",표3[[#This Row],[주구조]])), 표3[[#This Row],[건물연령]]>=30), "O", AND(COUNTIF(표3[[#This Row],[주용도]],"<>*공동*"), COUNTIF(표3[[#This Row],[주구조]],"<>*철*"), 표3[[#This Row],[건물연령]]>=20), "O", AND(COUNTIF(표3[[#This Row],[주용도]],"<>*공동*"), ISNUMBER(SEARCH("주택",표3[[#This Row],[주용도]])), 표3[[#This Row],[건물연령]]>=20), "O" ), "") )} | AG31: 철근콘크리트구조 | AI31: 공동주택 | AO31: 김강수 | AR31: 56 | AS31: =IF( OR(표3[[#This Row],[생년월일]]="", ISBLANK(표3[[#This Row],[생년월일]])), "", IFERROR( _xlfn.LET( _xlpm.y, VALUE(표3[[#This Row],[생년월일]]), _xlpm.yyyy, IF(_xlpm.y<100, IF(_xlpm.y>25, 1900+_xlpm.y, 2000+_xlpm.y), _xlpm.y), _xlpm.age, YEAR(TODAY())-_xlpm.yyyy, IF( _xlpm.age<40,"40대 미만", IF(_xlpm.age<50,"40대", IF(_xlpm.age<60,"50대", IF(_xlpm.age<70,"60대", IF(_xlpm.age<80,"70대","80대 이상") )))) ), "") ) -> 70대 | AT31: 서울특별시 송파구 송이로31길 12-6, 401호(문정동,엘리시아) | AW31: =IF(COUNTIF('설명회 참석자 명부'!$W$4:$W$29,표3[[#This Row],[성 명]])>0,"O","") -> O | AX31: =_xlfn.XLOOKUP(표3[[#This Row],[성 명]],'설명회 참석자 명부'!$W$4:$W$29,'설명회 참석자 명부'!$X$4:$X$29,"") -> 재건축 | BK31: =IFERROR(LEFT(표3[[#This Row],[주소]],FIND(" ",표3[[#This Row],[주소]])-1),"") -> 서울특별시 | BL31: =IFERROR(MID(표3[[#This Row],[주소]], FIND(" ", 표3[[#This Row],[주소]])+1, FIND(" ", 표3[[#This Row],[주소]], FIND(" ", 표3[[#This Row],[주소]])+1) - FIND(" ", 표3[[#This Row],[주소]])-1),"") -> 송파구 | BM31: =IFERROR(MID(표3[[#This Row],[주소]], FIND(" ", 표3[[#This Row],[주소]], FIND(" ", 표3[[#This Row],[주소]])+1)+1, FIND(" ", 표3[[#This Row],[주소]], FIND(" ", 표3[[#This Row],[주소]], FIND(" ", 표3[[#This Row],[주소]])+1)+1) - FIND(" ", 표3[[#This Row],[주소]], FIND(" ", 표3[[#This Row],[주소]])+1)-1),"") -> 송이로31길 | BY31: 다세대 | BZ31: 61.65 | CA31: 29 | CB31: 457000000 | CC31: 457000000 | CD31: =표3[[#This Row],[종전추정가액]]*1.5219 -> 695508300
B32: 23 | C32: 28 | D32: 3 | E32: 양지빌라 | F32: 302 | R32: 0 | S32: 29 | T32: =표3[[#This Row],[편입면적]]/(SUM(표3[공부면적])) -> 0.0036231884 | W32: 61.65 | X32: 8.72 | Y32: 70.37 | AE32: {=IF(표3[[#This Row],[사용승인일자]]="","", IFERROR( _xlfn.IFS( AND(ISNUMBER(SEARCH("공동",표3[[#This Row],[주용도]])), ISNUMBER(SEARCH("철",표3[[#This Row],[주구조]])), 표3[[#This Row],[건물연령]]>=30), "O", AND(ISNUMBER(SEARCH("공동",표3[[#This Row],[주용도]])), COUNTIF(표3[[#This Row],[주구조]],"<>*철*"), 표3[[#This Row],[건물연령]]>=20), "O", AND(COUNTIF(표3[[#This Row],[주용도]],"<>*공동*"), COUNTIF(표3[[#This Row],[주용도]],"<>*단독*"), ISNUMBER(SEARCH("철",표3[[#This Row],[주구조]])), 표3[[#This Row],[건물연령]]>=30), "O", AND(COUNTIF(표3[[#This Row],[주용도]],"<>*공동*"), COUNTIF(표3[[#This Row],[주구조]],"<>*철*"), 표3[[#This Row],[건물연령]]>=20), "O", AND(COUNTIF(표3[[#This Row],[주용도]],"<>*공동*"), ISNUMBER(SEARCH("주택",표3[[#This Row],[주용도]])), 표3[[#This Row],[건물연령]]>=20), "O" ), "") )} | AG32: 철근콘크리트구조 | AI32: 공동주택 | AO32: 임명숙 | AR32: 73 | AS32: =IF( OR(표3[[#This Row],[생년월일]]="", ISBLANK(표3[[#This Row],[생년월일]])), "", IFERROR( _xlfn.LET( _xlpm.y, VALUE(표3[[#This Row],[생년월일]]), _xlpm.yyyy, IF(_xlpm.y<100, IF(_xlpm.y>25, 1900+_xlpm.y, 2000+_xlpm.y), _xlpm.y), _xlpm.age, YEAR(TODAY())-_xlpm.yyyy, IF( _xlpm.age<40,"40대 미만", IF(_xlpm.age<50,"40대", IF(_xlpm.age<60,"50대", IF(_xlpm.age<70,"60대", IF(_xlpm.age<80,"70대","80대 이상") )))) ), "") ) -> 50대 | AT32: 서울특별시 송파구 새말로17길 16-15, 비02호 (문정동) | AW32: =IF(COUNTIF('설명회 참석자 명부'!$W$4:$W$29,표3[[#This Row],[성 명]])>0,"O","") | AX32: =_xlfn.XLOOKUP(표3[[#This Row],[성 명]],'설명회 참석자 명부'!$W$4:$W$29,'설명회 참석자 명부'!$X$4:$X$29,"") | BK32: =IFERROR(LEFT(표3[[#This Row],[주소]],FIND(" ",표3[[#This Row],[주소]])-1),"") -> 서울특별시 | BL32: =IFERROR(MID(표3[[#This Row],[주소]], FIND(" ", 표3[[#This Row],[주소]])+1, FIND(" ", 표3[[#This Row],[주소]], FIND(" ", 표3[[#This Row],[주소]])+1) - FIND(" ", 표3[[#This Row],[주소]])-1),"") -> 송파구 | BM32: =IFERROR(MID(표3[[#This Row],[주소]], FIND(" ", 표3[[#This Row],[주소]], FIND(" ", 표3[[#This Row],[주소]])+1)+1, FIND(" ", 표3[[#This Row],[주소]], FIND(" ", 표3[[#This Row],[주소]], FIND(" ", 표3[[#This Row],[주소]])+1)+1) - FIND(" ", 표3[[#This Row],[주소]], FIND(" ", 표3[[#This Row],[주소]])+1)-1),"") -> 새말로17길 | BY32: 다세대 | BZ32: 61.65 | CA32: 29 | CB32: 457000000 | CC32: 457000000 | CD32: =표3[[#This Row],[종전추정가액]]*1.5219 -> 695508300
B33: 24 | C33: 28 | D33: 3 | E33: 양지빌라 | F33: 401 | R33: 0 | S33: 29 | T33: =표3[[#This Row],[편입면적]]/(SUM(표3[공부면적])) -> 0.0036231884 | W33: 61.65 | X33: 8.72 | Y33: 70.37 | AE33: {=IF(표3[[#This Row],[사용승인일자]]="","", IFERROR( _xlfn.IFS( AND(ISNUMBER(SEARCH("공동",표3[[#This Row],[주용도]])), ISNUMBER(SEARCH("철",표3[[#This Row],[주구조]])), 표3[[#This Row],[건물연령]]>=30), "O", AND(ISNUMBER(SEARCH("공동",표3[[#This Row],[주용도]])), COUNTIF(표3[[#This Row],[주구조]],"<>*철*"), 표3[[#This Row],[건물연령]]>=20), "O", AND(COUNTIF(표3[[#This Row],[주용도]],"<>*공동*"), COUNTIF(표3[[#This Row],[주용도]],"<>*단독*"), ISNUMBER(SEARCH("철",표3[[#This Row],[주구조]])), 표3[[#This Row],[건물연령]]>=30), "O", AND(COUNTIF(표3[[#This Row],[주용도]],"<>*공동*"), COUNTIF(표3[[#This Row],[주구조]],"<>*철*"), 표3[[#This Row],[건물연령]]>=20), "O", AND(COUNTIF(표3[[#This Row],[주용도]],"<>*공동*"), ISNUMBER(SEARCH("주택",표3[[#This Row],[주용도]])), 표3[[#This Row],[건물연령]]>=20), "O" ), "") )} | AG33: 철근콘크리트구조 | AI33: 공동주택 | AO33: 김은곤 | AR33: 60 | AS33: =IF( OR(표3[[#This Row],[생년월일]]="", ISBLANK(표3[[#This Row],[생년월일]])), "", IFERROR( _xlfn.LET( _xlpm.y, VALUE(표3[[#This Row],[생년월일]]), _xlpm.yyyy, IF(_xlpm.y<100, IF(_xlpm.y>25, 1900+_xlpm.y, 2000+_xlpm.y), _xlpm.y), _xlpm.age, YEAR(TODAY())-_xlpm.yyyy, IF( _xlpm.age<40,"40대 미만", IF(_xlpm.age<50,"40대", IF(_xlpm.age<60,"50대", IF(_xlpm.age<70,"60대", IF(_xlpm.age<80,"70대","80대 이상") )))) ), "") ) -> 60대 | AT33: 서울특별시 송파구 동남로11길 26-13, 402호(가락동) | AW33: =IF(COUNTIF('설명회 참석자 명부'!$W$4:$W$29,표3[[#This Row],[성 명]])>0,"O","") | AX33: =_xlfn.XLOOKUP(표3[[#This Row],[성 명]],'설명회 참석자 명부'!$W$4:$W$29,'설명회 참석자 명부'!$X$4:$X$29,"") | BK33: =IFERROR(LEFT(표3[[#This Row],[주소]],FIND(" ",표3[[#This Row],[주소]])-1),"") -> 서울특별시 | BL33: =IFERROR(MID(표3[[#This Row],[주소]], FIND(" ", 표3[[#This Row],[주소]])+1, FIND(" ", 표3[[#This Row],[주소]], FIND(" ", 표3[[#This Row],[주소]])+1) - FIND(" ", 표3[[#This Row],[주소]])-1),"") -> 송파구 | BM33: =IFERROR(MID(표3[[#This Row],[주소]], FIND(" ", 표3[[#This Row],[주소]], FIND(" ", 표3[[#This Row],[주소]])+1)+1, FIND(" ", 표3[[#This Row],[주소]], FIND(" ", 표3[[#This Row],[주소]], FIND(" ", 표3[[#This Row],[주소]])+1)+1) - FIND(" ", 표3[[#This Row],[주소]], FIND(" ", 표3[[#This Row],[주소]])+1)-1),"") -> 동남로11길 | BY33: 다세대 | BZ33: 61.65 | CA33: 29 | CB33: 457000000 | CC33: 457000000 | CD33: =표3[[#This Row],[종전추정가액]]*1.5219 -> 695508300
B34: 25 | C34: 28 | D34: 3 | E34: 양지빌라 | F34: 402 | R34: 0 | S34: 29 | T34: =표3[[#This Row],[편입면적]]/(SUM(표3[공부면적])) -> 0.0036231884 | W34: 61.65 | X34: 8.72 | Y34: 70.37 | AE34: {=IF(표3[[#This Row],[사용승인일자]]="","", IFERROR( _xlfn.IFS( AND(ISNUMBER(SEARCH("공동",표3[[#This Row],[주용도]])), ISNUMBER(SEARCH("철",표3[[#This Row],[주구조]])), 표3[[#This Row],[건물연령]]>=30), "O", AND(ISNUMBER(SEARCH("공동",표3[[#This Row],[주용도]])), COUNTIF(표3[[#This Row],[주구조]],"<>*철*"), 표3[[#This Row],[건물연령]]>=20), "O", AND(COUNTIF(표3[[#This Row],[주용도]],"<>*공동*"), COUNTIF(표3[[#This Row],[주용도]],"<>*단독*"), ISNUMBER(SEARCH("철",표3[[#This Row],[주구조]])), 표3[[#This Row],[건물연령]]>=30), "O", AND(COUNTIF(표3[[#This Row],[주용도]],"<>*공동*"), COUNTIF(표3[[#This Row],[주구조]],"<>*철*"), 표3[[#This Row],[건물연령]]>=20), "O", AND(COUNTIF(표3[[#This Row],[주용도]],"<>*공동*"), ISNUMBER(SEARCH("주택",표3[[#This Row],[주용도]])), 표3[[#This Row],[건물연령]]>=20), "O" ), "") )} | AG34: 철근콘크리트구조 | AI34: 공동주택 | AO34: 류지연 | AR34: 65 | AS34: =IF( OR(표3[[#This Row],[생년월일]]="", ISBLANK(표3[[#This Row],[생년월일]])), "", IFERROR( _xlfn.LET( _xlpm.y, VALUE(표3[[#This Row],[생년월일]]), _xlpm.yyyy, IF(_xlpm.y<100, IF(_xlpm.y>25, 1900+_xlpm.y, 2000+_xlpm.y), _xlpm.y), _xlpm.age, YEAR(TODAY())-_xlpm.yyyy, IF( _xlpm.age<40,"40대 미만", IF(_xlpm.age<50,"40대", IF(_xlpm.age<60,"50대", IF(_xlpm.age<70,"60대", IF(_xlpm.age<80,"70대","80대 이상") )))) ), "") ) -> 60대 | AT34: 서울특별시 송파구 동남로8길 21, 나동 지하1층 지하1호 (문정동,동남빌라나동) | AW34: =IF(COUNTIF('설명회 참석자 명부'!$W$4:$W$29,표3[[#This Row],[성 명]])>0,"O","") | AX34: =_xlfn.XLOOKUP(표3[[#This Row],[성 명]],'설명회 참석자 명부'!$W$4:$W$29,'설명회 참석자 명부'!$X$4:$X$29,"") | BK34: =IFERROR(LEFT(표3[[#This Row],[주소]],FIND(" ",표3[[#This Row],[주소]])-1),"") -> 서울특별시 | BL34: =IFERROR(MID(표3[[#This Row],[주소]], FIND(" ", 표3[[#This Row],[주소]])+1, FIND(" ", 표3[[#This Row],[주소]], FIND(" ", 표3[[#This Row],[주소]])+1) - FIND(" ", 표3[[#This Row],[주소]])-1),"") -> 송파구 | BM34: =IFERROR(MID(표3[[#This Row],[주소]], FIND(" ", 표3[[#This Row],[주소]], FIND(" ", 표3[[#This Row],[주소]])+1)+1, FIND(" ", 표3[[#This Row],[주소]], FIND(" ", 표3[[#This Row],[주소]], FIND(" ", 표3[[#This Row],[주소]])+1)+1) - FIND(" ", 표3[[#This Row],[주소]], FIND(" ", 표3[[#This Row],[주소]])+1)-1),"") -> 동남로8길 | BY34: 다세대 | BZ34: 61.65 | CA34: 29 | CB34: 457000000 | CC34: 457000000 | CD34: =표3[[#This Row],[종전추정가액]]*1.5219 -> 695508300
B35: 26 | C35: 28 | D35: 3 | E35: 양지빌라 | F35: 501 | R35: 0 | S35: 23.5 | T35: =표3[[#This Row],[편입면적]]/(SUM(표3[공부면적])) -> 0.002936032 | W35: 50.4 | X35: 7.13 | Y35: 57.53 | AE35: {=IF(표3[[#This Row],[사용승인일자]]="","", IFERROR( _xlfn.IFS( AND(ISNUMBER(SEARCH("공동",표3[[#This Row],[주용도]])), ISNUMBER(SEARCH("철",표3[[#This Row],[주구조]])), 표3[[#This Row],[건물연령]]>=30), "O", AND(ISNUMBER(SEARCH("공동",표3[[#This Row],[주용도]])), COUNTIF(표3[[#This Row],[주구조]],"<>*철*"), 표3[[#This Row],[건물연령]]>=20), "O", AND(COUNTIF(표3[[#This Row],[주용도]],"<>*공동*"), COUNTIF(표3[[#This Row],[주용도]],"<>*단독*"), ISNUMBER(SEARCH("철",표3[[#This Row],[주구조]])), 표3[[#This Row],[건물연령]]>=30), "O", AND(COUNTIF(표3[[#This Row],[주용도]],"<>*공동*"), COUNTIF(표3[[#This Row],[주구조]],"<>*철*"), 표3[[#This Row],[건물연령]]>=20), "O", AND(COUNTIF(표3[[#This Row],[주용도]],"<>*공동*"), ISNUMBER(SEARCH("주택",표3[[#This Row],[주용도]])), 표3[[#This Row],[건물연령]]>=20), "O" ), "") )} | AG35: 철근콘크리트구조 | AI35: 공동주택 | AO35: 이기선 | AP35: 1064819910 | AR35: 81 | AS35: =IF( OR(표3[[#This Row],[생년월일]]="", ISBLANK(표3[[#This Row],[생년월일]])), "", IFERROR( _xlfn.LET( _xlpm.y, VALUE(표3[[#This Row],[생년월일]]), _xlpm.yyyy, IF(_xlpm.y<100, IF(_xlpm.y>25, 1900+_xlpm.y, 2000+_xlpm.y), _xlpm.y), _xlpm.age, YEAR(TODAY())-_xlpm.yyyy, IF( _xlpm.age<40,"40대 미만", IF(_xlpm.age<50,"40대", IF(_xlpm.age<60,"50대", IF(_xlpm.age<70,"60대", IF(_xlpm.age<80,"70대","80대 이상") )))) ), "") ) -> 40대 | AT35: 서울특별시 송파구 동남로6길 3-22, 501호(문정동, 양지빌라) | AU35: O | AW35: =IF(COUNTIF('설명회 참석자 명부'!$W$4:$W$29,표3[[#This Row],[성 명]])>0,"O","") | AX35: =_xlfn.XLOOKUP(표3[[#This Row],[성 명]],'설명회 참석자 명부'!$W$4:$W$29,'설명회 참석자 명부'!$X$4:$X$29,"") | BA35: O | BB35: O | BK35: =IFERROR(LEFT(표3[[#This Row],[주소]],FIND(" ",표3[[#This Row],[주소]])-1),"") -> 서울특별시 | BL35: =IFERROR(MID(표3[[#This Row],[주소]], FIND(" ", 표3[[#This Row],[주소]])+1, FIND(" ", 표3[[#This Row],[주소]], FIND(" ", 표3[[#This Row],[주소]])+1) - FIND(" ", 표3[[#This Row],[주소]])-1),"") -> 송파구 | BM35: =IFERROR(MID(표3[[#This Row],[주소]], FIND(" ", 표3[[#This Row],[주소]], FIND(" ", 표3[[#This Row],[주소]])+1)+1, FIND(" ", 표3[[#This Row],[주소]], FIND(" ", 표3[[#This Row],[주소]], FIND(" ", 표3[[#This Row],[주소]])+1)+1) - FIND(" ", 표3[[#This Row],[주소]], FIND(" ", 표3[[#This Row],[주소]])+1)-1),"") -> 동남로6길 | BY35: 다세대 | BZ35: 50.4 | CA35: 23.5 | CB35: 372000000 | CC35: 372000000 | CD35: =표3[[#This Row],[종전추정가액]]*1.5219 -> 566146800
B36: 27 | C36: 28 | D36: 3 | E36: 양지빌라 | F36: 502 | R36: 0 | S36: 26.4 | T36: =표3[[#This Row],[편입면적]]/(SUM(표3[공부면적])) -> 0.0032983508 | W36: 56.52 | X36: 7.99 | Y36: 64.51 | AE36: {=IF(표3[[#This Row],[사용승인일자]]="","", IFERROR( _xlfn.IFS( AND(ISNUMBER(SEARCH("공동",표3[[#This Row],[주용도]])), ISNUMBER(SEARCH("철",표3[[#This Row],[주구조]])), 표3[[#This Row],[건물연령]]>=30), "O", AND(ISNUMBER(SEARCH("공동",표3[[#This Row],[주용도]])), COUNTIF(표3[[#This Row],[주구조]],"<>*철*"), 표3[[#This Row],[건물연령]]>=20), "O", AND(COUNTIF(표3[[#This Row],[주용도]],"<>*공동*"), COUNTIF(표3[[#This Row],[주용도]],"<>*단독*"), ISNUMBER(SEARCH("철",표3[[#This Row],[주구조]])), 표3[[#This Row],[건물연령]]>=30), "O", AND(COUNTIF(표3[[#This Row],[주용도]],"<>*공동*"), COUNTIF(표3[[#This Row],[주구조]],"<>*철*"), 표3[[#This Row],[건물연령]]>=20), "O", AND(COUNTIF(표3[[#This Row],[주용도]],"<>*공동*"), ISNUMBER(SEARCH("주택",표3[[#This Row],[주용도]])), 표3[[#This Row],[건물연령]]>=20), "O" ), "") )} | AG36: 철근콘크리트구조 | AI36: 공동주택 | AO36: 민문홍 | AP36: 1077362221 | AQ36: 준비위원 추천자 같은 빌라 총무 민경애를 추천함 | AR36: 80 | AS36: =IF( OR(표3[[#This Row],[생년월일]]="", ISBLANK(표3[[#This Row],[생년월일]])), "", IFERROR( _xlfn.LET( _xlpm.y, VALUE(표3[[#This Row],[생년월일]]), _xlpm.yyyy, IF(_xlpm.y<100, IF(_xlpm.y>25, 1900+_xlpm.y, 2000+_xlpm.y), _xlpm.y), _xlpm.age, YEAR(TODAY())-_xlpm.yyyy, IF( _xlpm.age<40,"40대 미만", IF(_xlpm.age<50,"40대", IF(_xlpm.age<60,"50대", IF(_xlpm.age<70,"60대", IF(_xlpm.age<80,"70대","80대 이상") )))) ), "") ) -> 40대 | AT36: 서울특별시 관악구 대학14길 84(신림동) | AV36: O | AW36: =IF(COUNTIF('설명회 참석자 명부'!$W$4:$W$29,표3[[#This Row],[성 명]])>0,"O","") | AX36: =_xlfn.XLOOKUP(표3[[#This Row],[성 명]],'설명회 참석자 명부'!$W$4:$W$29,'설명회 참석자 명부'!$X$4:$X$29,"") | BK36: =IFERROR(LEFT(표3[[#This Row],[주소]],FIND(" ",표3[[#This Row],[주소]])-1),"") -> 서울특별시 | BL36: =IFERROR(MID(표3[[#This Row],[주소]], FIND(" ", 표3[[#This Row],[주소]])+1, FIND(" ", 표3[[#This Row],[주소]], FIND(" ", 표3[[#This Row],[주소]])+1) - FIND(" ", 표3[[#This Row],[주소]])-1),"") -> 관악구 | BM36: =IFERROR(MID(표3[[#This Row],[주소]], FIND(" ", 표3[[#This Row],[주소]], FIND(" ", 표3[[#This Row],[주소]])+1)+1, FIND(" ", 표3[[#This Row],[주소]], FIND(" ", 표3[[#This Row],[주소]], FIND(" ", 표3[[#This Row],[주소]])+1)+1) - FIND(" ", 표3[[#This Row],[주소]], FIND(" ", 표3[[#This Row],[주소]])+1)-1),"") -> 대학14길 | BY36: 다세대 | BZ36: 56.52 | CA36: 26.4 | CB36: 417000000 | CC36: 417000000 | CD36: =표3[[#This Row],[종전추정가액]]*1.5219 -> 634632300
C37: 28 | D37: 4 | E37: 프로방스빌 | F37: 0 | Q37: 대 | R37: 216 | T37: =표3[[#This Row],[편입면적]]/(SUM(표3[공부면적])) -> 0 | U37: O | Y37: 0 | Z37: 503.76 | AC37: 2005.07.14 | AD37: 20 | AE37: {=IF(표3[[#This Row],[사용승인일자]]="","", IFERROR( _xlfn.IFS( AND(ISNUMBER(SEARCH("공동",표3[[#This Row],[주용도]])), ISNUMBER(SEARCH("철",표3[[#This Row],[주구조]])), 표3[[#This Row],[건물연령]]>=30), "O", AND(ISNUMBER(SEARCH("공동",표3[[#This Row],[주용도]])), COUNTIF(표3[[#This Row],[주구조]],"<>*철*"), 표3[[#This Row],[건물연령]]>=20), "O", AND(COUNTIF(표3[[#This Row],[주용도]],"<>*공동*"), COUNTIF(표3[[#This Row],[주용도]],"<>*단독*"), ISNUMBER(SEARCH("철",표3[[#This Row],[주구조]])), 표3[[#This Row],[건물연령]]>=30), "O", AND(COUNTIF(표3[[#This Row],[주용도]],"<>*공동*"), COUNTIF(표3[[#This Row],[주구조]],"<>*철*"), 표3[[#This Row],[건물연령]]>=20), "O", AND(COUNTIF(표3[[#This Row],[주용도]],"<>*공동*"), ISNUMBER(SEARCH("주택",표3[[#This Row],[주용도]])), 표3[[#This Row],[건물연령]]>=20), "O" ), "") )} | AG37: 철근콘크리트구조 | AI37: 공동주택 | AM37: 5 | AN37: 0 | AS37: =IF( OR(표3[[#This Row],[생년월일]]="", ISBLANK(표3[[#This Row],[생년월일]])), "", IFERROR( _xlfn.LET( _xlpm.y, VALUE(표3[[#This Row],[생년월일]]), _xlpm.yyyy, IF(_xlpm.y<100, IF(_xlpm.y>25, 1900+_xlpm.y, 2000+_xlpm.y), _xlpm.y), _xlpm.age, YEAR(TODAY())-_xlpm.yyyy, IF( _xlpm.age<40,"40대 미만", IF(_xlpm.age<50,"40대", IF(_xlpm.age<60,"50대", IF(_xlpm.age<70,"60대", IF(_xlpm.age<80,"70대","80대 이상") )))) ), "") ) | AW37: =IF(COUNTIF('설명회 참석자 명부'!$W$4:$W$29,표3[[#This Row],[성 명]])>0,"O","") | AX37: =_xlfn.XLOOKUP(표3[[#This Row],[성 명]],'설명회 참석자 명부'!$W$4:$W$29,'설명회 참석자 명부'!$X$4:$X$29,"") -> 0 | BK37: =IFERROR(LEFT(표3[[#This Row],[주소]],FIND(" ",표3[[#This Row],[주소]])-1),"") | BL37: =IFERROR(MID(표3[[#This Row],[주소]], FIND(" ", 표3[[#This Row],[주소]])+1, FIND(" ", 표3[[#This Row],[주소]], FIND(" ", 표3[[#This Row],[주소]])+1) - FIND(" ", 표3[[#This Row],[주소]])-1),"") | BM37: =IFERROR(MID(표3[[#This Row],[주소]], FIND(" ", 표3[[#This Row],[주소]], FIND(" ", 표3[[#This Row],[주소]])+1)+1, FIND(" ", 표3[[#This Row],[주소]], FIND(" ", 표3[[#This Row],[주소]], FIND(" ", 표3[[#This Row],[주소]])+1)+1) - FIND(" ", 표3[[#This Row],[주소]], FIND(" ", 표3[[#This Row],[주소]])+1)-1),"") | CD37: =표3[[#This Row],[종전추정가액]]*1.5219 -> 0
B38: 28 | C38: 28 | D38: 4 | E38: 프로방스빌 | F38: 201 | P38: [2026.04.13 17:32] 이민후 팀장: 4-13 주민간담회 참석(부인 김영옥) [2026.04.17 11:34] 최광식 부사장: 4-17 김영옥님 오전 방문. 오후 28-27번지 소유주아들(강동연 010-9798-7696)과 같이 방문예정. | R38: 0 | S38: 30.78 | T38: =표3[[#This Row],[편입면적]]/(SUM(표3[공부면적])) -> 0.0038455772 | W38: 61.31 | X38: 10.47 | Y38: 71.78 | AE38: {=IF(표3[[#This Row],[사용승인일자]]="","", IFERROR( _xlfn.IFS( AND(ISNUMBER(SEARCH("공동",표3[[#This Row],[주용도]])), ISNUMBER(SEARCH("철",표3[[#This Row],[주구조]])), 표3[[#This Row],[건물연령]]>=30), "O", AND(ISNUMBER(SEARCH("공동",표3[[#This Row],[주용도]])), COUNTIF(표3[[#This Row],[주구조]],"<>*철*"), 표3[[#This Row],[건물연령]]>=20), "O", AND(COUNTIF(표3[[#This Row],[주용도]],"<>*공동*"), COUNTIF(표3[[#This Row],[주용도]],"<>*단독*"), ISNUMBER(SEARCH("철",표3[[#This Row],[주구조]])), 표3[[#This Row],[건물연령]]>=30), "O", AND(COUNTIF(표3[[#This Row],[주용도]],"<>*공동*"), COUNTIF(표3[[#This Row],[주구조]],"<>*철*"), 표3[[#This Row],[건물연령]]>=20), "O", AND(COUNTIF(표3[[#This Row],[주용도]],"<>*공동*"), ISNUMBER(SEARCH("주택",표3[[#This Row],[주용도]])), 표3[[#This Row],[건물연령]]>=20), "O" ), "") )} | AG38: 철근콘크리트구조 | AI38: 공동주택 | AO38: 전홍기 | AP38: 1053390764 | AQ38: 부인 김영옥 준비위원 | AS38: =IF( OR(표3[[#This Row],[생년월일]]="", ISBLANK(표3[[#This Row],[생년월일]])), "", IFERROR( _xlfn.LET( _xlpm.y, VALUE(표3[[#This Row],[생년월일]]), _xlpm.yyyy, IF(_xlpm.y<100, IF(_xlpm.y>25, 1900+_xlpm.y, 2000+_xlpm.y), _xlpm.y), _xlpm.age, YEAR(TODAY())-_xlpm.yyyy, IF( _xlpm.age<40,"40대 미만", IF(_xlpm.age<50,"40대", IF(_xlpm.age<60,"50대", IF(_xlpm.age<70,"60대", IF(_xlpm.age<80,"70대","80대 이상") )))) ), "") ) | AT38: 문정동28-4 501호 | AU38: O | AV38: O | AW38: =IF(COUNTIF('설명회 참석자 명부'!$W$4:$W$29,표3[[#This Row],[성 명]])>0,"O","") | AX38: =_xlfn.XLOOKUP(표3[[#This Row],[성 명]],'설명회 참석자 명부'!$W$4:$W$29,'설명회 참석자 명부'!$X$4:$X$29,"") | BB38: O | BK38: =IFERROR(LEFT(표3[[#This Row],[주소]],FIND(" ",표3[[#This Row],[주소]])-1),"") -> 문정동28-4 | BL38: =IFERROR(MID(표3[[#This Row],[주소]], FIND(" ", 표3[[#This Row],[주소]])+1, FIND(" ", 표3[[#This Row],[주소]], FIND(" ", 표3[[#This Row],[주소]])+1) - FIND(" ", 표3[[#This Row],[주소]])-1),"") | BM38: =IFERROR(MID(표3[[#This Row],[주소]], FIND(" ", 표3[[#This Row],[주소]], FIND(" ", 표3[[#This Row],[주소]])+1)+1, FIND(" ", 표3[[#This Row],[주소]], FIND(" ", 표3[[#This Row],[주소]], FIND(" ", 표3[[#This Row],[주소]])+1)+1) - FIND(" ", 표3[[#This Row],[주소]], FIND(" ", 표3[[#This Row],[주소]])+1)-1),"") | BY38: 다세대 | BZ38: 61.31 | CA38: 30.78 | CB38: 468000000 | CC38: 468000000 | CD38: =표3[[#This Row],[종전추정가액]]*1.5219 -> 712249200
B39: 28 | C39: 28 | D39: 4 | E39: 프로방스빌 | F39: 202 | P39: [2026.04.13 17:32] 이민후 팀장: 4-13 주민간담회 참석(부인 김영옥) [2026.04.17 11:34] 최광식 부사장: 4-17 김영옥님 오전 방문. 오후 28-27번지 소유주아들(강동연 010-9798-7696)과 같이 방문예정. | R39: 0 | S39: 24.47 | T39: =표3[[#This Row],[편입면적]]/(SUM(표3[공부면적])) -> 0.0030572214 | W39: 48.75 | X39: 8.33 | Y39: 57.08 | AE39: {=IF(표3[[#This Row],[사용승인일자]]="","", IFERROR( _xlfn.IFS( AND(ISNUMBER(SEARCH("공동",표3[[#This Row],[주용도]])), ISNUMBER(SEARCH("철",표3[[#This Row],[주구조]])), 표3[[#This Row],[건물연령]]>=30), "O", AND(ISNUMBER(SEARCH("공동",표3[[#This Row],[주용도]])), COUNTIF(표3[[#This Row],[주구조]],"<>*철*"), 표3[[#This Row],[건물연령]]>=20), "O", AND(COUNTIF(표3[[#This Row],[주용도]],"<>*공동*"), COUNTIF(표3[[#This Row],[주용도]],"<>*단독*"), ISNUMBER(SEARCH("철",표3[[#This Row],[주구조]])), 표3[[#This Row],[건물연령]]>=30), "O", AND(COUNTIF(표3[[#This Row],[주용도]],"<>*공동*"), COUNTIF(표3[[#This Row],[주구조]],"<>*철*"), 표3[[#This Row],[건물연령]]>=20), "O", AND(COUNTIF(표3[[#This Row],[주용도]],"<>*공동*"), ISNUMBER(SEARCH("주택",표3[[#This Row],[주용도]])), 표3[[#This Row],[건물연령]]>=20), "O" ), "") )} | AG39: 철근콘크리트구조 | AI39: 공동주택 | AO39: 전홍기 | AP39: 1053390764 | AS39: =IF( OR(표3[[#This Row],[생년월일]]="", ISBLANK(표3[[#This Row],[생년월일]])), "", IFERROR( _xlfn.LET( _xlpm.y, VALUE(표3[[#This Row],[생년월일]]), _xlpm.yyyy, IF(_xlpm.y<100, IF(_xlpm.y>25, 1900+_xlpm.y, 2000+_xlpm.y), _xlpm.y), _xlpm.age, YEAR(TODAY())-_xlpm.yyyy, IF( _xlpm.age<40,"40대 미만", IF(_xlpm.age<50,"40대", IF(_xlpm.age<60,"50대", IF(_xlpm.age<70,"60대", IF(_xlpm.age<80,"70대","80대 이상") )))) ), "") ) | AT39: 문정동28-4 501호 | AW39: =IF(COUNTIF('설명회 참석자 명부'!$W$4:$W$29,표3[[#This Row],[성 명]])>0,"O","") | AX39: =_xlfn.XLOOKUP(표3[[#This Row],[성 명]],'설명회 참석자 명부'!$W$4:$W$29,'설명회 참석자 명부'!$X$4:$X$29,"") | BB39: O | BK39: =IFERROR(LEFT(표3[[#This Row],[주소]],FIND(" ",표3[[#This Row],[주소]])-1),"") -> 문정동28-4 | BL39: =IFERROR(MID(표3[[#This Row],[주소]], FIND(" ", 표3[[#This Row],[주소]])+1, FIND(" ", 표3[[#This Row],[주소]], FIND(" ", 표3[[#This Row],[주소]])+1) - FIND(" ", 표3[[#This Row],[주소]])-1),"") | BM39: =IFERROR(MID(표3[[#This Row],[주소]], FIND(" ", 표3[[#This Row],[주소]], FIND(" ", 표3[[#This Row],[주소]])+1)+1, FIND(" ", 표3[[#This Row],[주소]], FIND(" ", 표3[[#This Row],[주소]], FIND(" ", 표3[[#This Row],[주소]])+1)+1) - FIND(" ", 표3[[#This Row],[주소]], FIND(" ", 표3[[#This Row],[주소]])+1)-1),"") | BY39: 다세대 | BZ39: 48.75 | CA39: 24.47 | CB39: 372000000 | CC39: 372000000 | CD39: =표3[[#This Row],[종전추정가액]]*1.5219 -> 566146800
B40: 28 | C40: 28 | D40: 4 | E40: 프로방스빌 | F40: 301 | P40: [2026.04.13 17:32] 이민후 팀장: 4-13 주민간담회 참석(부인 김영옥) [2026.04.17 11:34] 최광식 부사장: 4-17 김영옥님 오전 방문. 오후 28-27번지 소유주아들(강동연 010-9798-7696)과 같이 방문예정. | R40: 0 | S40: 20.43 | T40: =표3[[#This Row],[편입면적]]/(SUM(표3[공부면적])) -> 0.0025524738 | W40: 40.7 | X40: 6.95 | Y40: 47.65 | AE40: {=IF(표3[[#This Row],[사용승인일자]]="","", IFERROR( _xlfn.IFS( AND(ISNUMBER(SEARCH("공동",표3[[#This Row],[주용도]])), ISNUMBER(SEARCH("철",표3[[#This Row],[주구조]])), 표3[[#This Row],[건물연령]]>=30), "O", AND(ISNUMBER(SEARCH("공동",표3[[#This Row],[주용도]])), COUNTIF(표3[[#This Row],[주구조]],"<>*철*"), 표3[[#This Row],[건물연령]]>=20), "O", AND(COUNTIF(표3[[#This Row],[주용도]],"<>*공동*"), COUNTIF(표3[[#This Row],[주용도]],"<>*단독*"), ISNUMBER(SEARCH("철",표3[[#This Row],[주구조]])), 표3[[#This Row],[건물연령]]>=30), "O", AND(COUNTIF(표3[[#This Row],[주용도]],"<>*공동*"), COUNTIF(표3[[#This Row],[주구조]],"<>*철*"), 표3[[#This Row],[건물연령]]>=20), "O", AND(COUNTIF(표3[[#This Row],[주용도]],"<>*공동*"), ISNUMBER(SEARCH("주택",표3[[#This Row],[주용도]])), 표3[[#This Row],[건물연령]]>=20), "O" ), "") )} | AG40: 철근콘크리트구조 | AI40: 공동주택 | AO40: 전홍기 | AP40: 1053390764 | AS40: =IF( OR(표3[[#This Row],[생년월일]]="", ISBLANK(표3[[#This Row],[생년월일]])), "", IFERROR( _xlfn.LET( _xlpm.y, VALUE(표3[[#This Row],[생년월일]]), _xlpm.yyyy, IF(_xlpm.y<100, IF(_xlpm.y>25, 1900+_xlpm.y, 2000+_xlpm.y), _xlpm.y), _xlpm.age, YEAR(TODAY())-_xlpm.yyyy, IF( _xlpm.age<40,"40대 미만", IF(_xlpm.age<50,"40대", IF(_xlpm.age<60,"50대", IF(_xlpm.age<70,"60대", IF(_xlpm.age<80,"70대","80대 이상") )))) ), "") ) | AT40: 문정동28-4 501호 | AW40: =IF(COUNTIF('설명회 참석자 명부'!$W$4:$W$29,표3[[#This Row],[성 명]])>0,"O","") | AX40: =_xlfn.XLOOKUP(표3[[#This Row],[성 명]],'설명회 참석자 명부'!$W$4:$W$29,'설명회 참석자 명부'!$X$4:$X$29,"") | BB40: O | BK40: =IFERROR(LEFT(표3[[#This Row],[주소]],FIND(" ",표3[[#This Row],[주소]])-1),"") -> 문정동28-4 | BL40: =IFERROR(MID(표3[[#This Row],[주소]], FIND(" ", 표3[[#This Row],[주소]])+1, FIND(" ", 표3[[#This Row],[주소]], FIND(" ", 표3[[#This Row],[주소]])+1) - FIND(" ", 표3[[#This Row],[주소]])-1),"") | BM40: =IFERROR(MID(표3[[#This Row],[주소]], FIND(" ", 표3[[#This Row],[주소]], FIND(" ", 표3[[#This Row],[주소]])+1)+1, FIND(" ", 표3[[#This Row],[주소]], FIND(" ", 표3[[#This Row],[주소]], FIND(" ", 표3[[#This Row],[주소]])+1)+1) - FIND(" ", 표3[[#This Row],[주소]], FIND(" ", 표3[[#This Row],[주소]])+1)-1),"") | BY40: 다세대 | BZ40: 40.7 | CA40: 20.43 | CB40: 314000000 | CC40: 314000000 | CD40: =표3[[#This Row],[종전추정가액]]*1.5219 -> 477876600
B41: 28 | C41: 28 | D41: 4 | E41: 프로방스빌 | F41: 302 | P41: [2026.04.13 17:32] 이민후 팀장: 4-13 주민간담회 참석(부인 김영옥) [2026.04.17 11:34] 최광식 부사장: 4-17 김영옥님 오전 방문. 오후 28-27번지 소유주아들(강동연 010-9798-7696)과 같이 방문예정. | R41: 0 | S41: 10.35 | T41: =표3[[#This Row],[편입면적]]/(SUM(표3[공부면적])) -> 0.0012931034 | W41: 20.61 | X41: 3.52 | Y41: 24.13 | AE41: {=IF(표3[[#This Row],[사용승인일자]]="","", IFERROR( _xlfn.IFS( AND(ISNUMBER(SEARCH("공동",표3[[#This Row],[주용도]])), ISNUMBER(SEARCH("철",표3[[#This Row],[주구조]])), 표3[[#This Row],[건물연령]]>=30), "O", AND(ISNUMBER(SEARCH("공동",표3[[#This Row],[주용도]])), COUNTIF(표3[[#This Row],[주구조]],"<>*철*"), 표3[[#This Row],[건물연령]]>=20), "O", AND(COUNTIF(표3[[#This Row],[주용도]],"<>*공동*"), COUNTIF(표3[[#This Row],[주용도]],"<>*단독*"), ISNUMBER(SEARCH("철",표3[[#This Row],[주구조]])), 표3[[#This Row],[건물연령]]>=30), "O", AND(COUNTIF(표3[[#This Row],[주용도]],"<>*공동*"), COUNTIF(표3[[#This Row],[주구조]],"<>*철*"), 표3[[#This Row],[건물연령]]>=20), "O", AND(COUNTIF(표3[[#This Row],[주용도]],"<>*공동*"), ISNUMBER(SEARCH("주택",표3[[#This Row],[주용도]])), 표3[[#This Row],[건물연령]]>=20), "O" ), "") )} | AG41: 철근콘크리트구조 | AI41: 공동주택 | AO41: 전홍기 | AP41: 1053390764 | AS41: =IF( OR(표3[[#This Row],[생년월일]]="", ISBLANK(표3[[#This Row],[생년월일]])), "", IFERROR( _xlfn.LET( _xlpm.y, VALUE(표3[[#This Row],[생년월일]]), _xlpm.yyyy, IF(_xlpm.y<100, IF(_xlpm.y>25, 1900+_xlpm.y, 2000+_xlpm.y), _xlpm.y), _xlpm.age, YEAR(TODAY())-_xlpm.yyyy, IF( _xlpm.age<40,"40대 미만", IF(_xlpm.age<50,"40대", IF(_xlpm.age<60,"50대", IF(_xlpm.age<70,"60대", IF(_xlpm.age<80,"70대","80대 이상") )))) ), "") ) | AT41: 문정동28-4 501호 | AW41: =IF(COUNTIF('설명회 참석자 명부'!$W$4:$W$29,표3[[#This Row],[성 명]])>0,"O","") | AX41: =_xlfn.XLOOKUP(표3[[#This Row],[성 명]],'설명회 참석자 명부'!$W$4:$W$29,'설명회 참석자 명부'!$X$4:$X$29,"") | BB41: O | BK41: =IFERROR(LEFT(표3[[#This Row],[주소]],FIND(" ",표3[[#This Row],[주소]])-1),"") -> 문정동28-4 | BL41: =IFERROR(MID(표3[[#This Row],[주소]], FIND(" ", 표3[[#This Row],[주소]])+1, FIND(" ", 표3[[#This Row],[주소]], FIND(" ", 표3[[#This Row],[주소]])+1) - FIND(" ", 표3[[#This Row],[주소]])-1),"") | BM41: =IFERROR(MID(표3[[#This Row],[주소]], FIND(" ", 표3[[#This Row],[주소]], FIND(" ", 표3[[#This Row],[주소]])+1)+1, FIND(" ", 표3[[#This Row],[주소]], FIND(" ", 표3[[#This Row],[주소]], FIND(" ", 표3[[#This Row],[주소]])+1)+1) - FIND(" ", 표3[[#This Row],[주소]], FIND(" ", 표3[[#This Row],[주소]])+1)-1),"") | BY41: 다세대 | BZ41: 20.61 | CA41: 10.35 | CB41: 159000000 | CC41: 159000000 | CD41: =표3[[#This Row],[종전추정가액]]*1.5219 -> 241982100
B42: 28 | C42: 28 | D42: 4 | E42: 프로방스빌 | F42: 303 | P42: [2026.04.13 17:32] 이민후 팀장: 4-13 주민간담회 참석(부인 김영옥) [2026.04.17 11:34] 최광식 부사장: 4-17 김영옥님 오전 방문. 오후 28-27번지 소유주아들(강동연 010-9798-7696)과 같이 방문예정. | R42: 0 | S42: 24.47 | T42: =표3[[#This Row],[편입면적]]/(SUM(표3[공부면적])) -> 0.0030572214 | W42: 48.75 | X42: 8.33 | Y42: 57.08 | AE42: {=IF(표3[[#This Row],[사용승인일자]]="","", IFERROR( _xlfn.IFS( AND(ISNUMBER(SEARCH("공동",표3[[#This Row],[주용도]])), ISNUMBER(SEARCH("철",표3[[#This Row],[주구조]])), 표3[[#This Row],[건물연령]]>=30), "O", AND(ISNUMBER(SEARCH("공동",표3[[#This Row],[주용도]])), COUNTIF(표3[[#This Row],[주구조]],"<>*철*"), 표3[[#This Row],[건물연령]]>=20), "O", AND(COUNTIF(표3[[#This Row],[주용도]],"<>*공동*"), COUNTIF(표3[[#This Row],[주용도]],"<>*단독*"), ISNUMBER(SEARCH("철",표3[[#This Row],[주구조]])), 표3[[#This Row],[건물연령]]>=30), "O", AND(COUNTIF(표3[[#This Row],[주용도]],"<>*공동*"), COUNTIF(표3[[#This Row],[주구조]],"<>*철*"), 표3[[#This Row],[건물연령]]>=20), "O", AND(COUNTIF(표3[[#This Row],[주용도]],"<>*공동*"), ISNUMBER(SEARCH("주택",표3[[#This Row],[주용도]])), 표3[[#This Row],[건물연령]]>=20), "O" ), "") )} | AG42: 철근콘크리트구조 | AI42: 공동주택 | AO42: 전홍기 | AP42: 1053390764 | AS42: =IF( OR(표3[[#This Row],[생년월일]]="", ISBLANK(표3[[#This Row],[생년월일]])), "", IFERROR( _xlfn.LET( _xlpm.y, VALUE(표3[[#This Row],[생년월일]]), _xlpm.yyyy, IF(_xlpm.y<100, IF(_xlpm.y>25, 1900+_xlpm.y, 2000+_xlpm.y), _xlpm.y), _xlpm.age, YEAR(TODAY())-_xlpm.yyyy, IF( _xlpm.age<40,"40대 미만", IF(_xlpm.age<50,"40대", IF(_xlpm.age<60,"50대", IF(_xlpm.age<70,"60대", IF(_xlpm.age<80,"70대","80대 이상") )))) ), "") ) | AT42: 문정동28-4 501호 | AW42: =IF(COUNTIF('설명회 참석자 명부'!$W$4:$W$29,표3[[#This Row],[성 명]])>0,"O","") | AX42: =_xlfn.XLOOKUP(표3[[#This Row],[성 명]],'설명회 참석자 명부'!$W$4:$W$29,'설명회 참석자 명부'!$X$4:$X$29,"") | BB42: O | BK42: =IFERROR(LEFT(표3[[#This Row],[주소]],FIND(" ",표3[[#This Row],[주소]])-1),"") -> 문정동28-4 | BL42: =IFERROR(MID(표3[[#This Row],[주소]], FIND(" ", 표3[[#This Row],[주소]])+1, FIND(" ", 표3[[#This Row],[주소]], FIND(" ", 표3[[#This Row],[주소]])+1) - FIND(" ", 표3[[#This Row],[주소]])-1),"") | BM42: =IFERROR(MID(표3[[#This Row],[주소]], FIND(" ", 표3[[#This Row],[주소]], FIND(" ", 표3[[#This Row],[주소]])+1)+1, FIND(" ", 표3[[#This Row],[주소]], FIND(" ", 표3[[#This Row],[주소]], FIND(" ", 표3[[#This Row],[주소]])+1)+1) - FIND(" ", 표3[[#This Row],[주소]], FIND(" ", 표3[[#This Row],[주소]])+1)-1),"") | BY42: 다세대 | BZ42: 48.75 | CA42: 24.47 | CB42: 376000000 | CC42: 376000000 | CD42: =표3[[#This Row],[종전추정가액]]*1.5219 -> 572234400
B43: 28 | C43: 28 | D43: 4 | E43: 프로방스빌 | F43: 401 | P43: [2026.04.13 17:32] 이민후 팀장: 4-13 주민간담회 참석(부인 김영옥) [2026.04.17 11:34] 최광식 부사장: 4-17 김영옥님 오전 방문. 오후 28-27번지 소유주아들(강동연 010-9798-7696)과 같이 방문예정. | R43: 0 | S43: 20.28 | T43: =표3[[#This Row],[편입면적]]/(SUM(표3[공부면적])) -> 0.0025337331 | W43: 40.4 | X43: 6.9 | Y43: 47.3 | AE43: {=IF(표3[[#This Row],[사용승인일자]]="","", IFERROR( _xlfn.IFS( AND(ISNUMBER(SEARCH("공동",표3[[#This Row],[주용도]])), ISNUMBER(SEARCH("철",표3[[#This Row],[주구조]])), 표3[[#This Row],[건물연령]]>=30), "O", AND(ISNUMBER(SEARCH("공동",표3[[#This Row],[주용도]])), COUNTIF(표3[[#This Row],[주구조]],"<>*철*"), 표3[[#This Row],[건물연령]]>=20), "O", AND(COUNTIF(표3[[#This Row],[주용도]],"<>*공동*"), COUNTIF(표3[[#This Row],[주용도]],"<>*단독*"), ISNUMBER(SEARCH("철",표3[[#This Row],[주구조]])), 표3[[#This Row],[건물연령]]>=30), "O", AND(COUNTIF(표3[[#This Row],[주용도]],"<>*공동*"), COUNTIF(표3[[#This Row],[주구조]],"<>*철*"), 표3[[#This Row],[건물연령]]>=20), "O", AND(COUNTIF(표3[[#This Row],[주용도]],"<>*공동*"), ISNUMBER(SEARCH("주택",표3[[#This Row],[주용도]])), 표3[[#This Row],[건물연령]]>=20), "O" ), "") )} | AG43: 철근콘크리트구조 | AI43: 공동주택 | AO43: 전홍기 | AP43: 1053390764 | AS43: =IF( OR(표3[[#This Row],[생년월일]]="", ISBLANK(표3[[#This Row],[생년월일]])), "", IFERROR( _xlfn.LET( _xlpm.y, VALUE(표3[[#This Row],[생년월일]]), _xlpm.yyyy, IF(_xlpm.y<100, IF(_xlpm.y>25, 1900+_xlpm.y, 2000+_xlpm.y), _xlpm.y), _xlpm.age, YEAR(TODAY())-_xlpm.yyyy, IF( _xlpm.age<40,"40대 미만", IF(_xlpm.age<50,"40대", IF(_xlpm.age<60,"50대", IF(_xlpm.age<70,"60대", IF(_xlpm.age<80,"70대","80대 이상") )))) ), "") ) | AT43: 문정동28-4 501호 | AW43: =IF(COUNTIF('설명회 참석자 명부'!$W$4:$W$29,표3[[#This Row],[성 명]])>0,"O","") | AX43: =_xlfn.XLOOKUP(표3[[#This Row],[성 명]],'설명회 참석자 명부'!$W$4:$W$29,'설명회 참석자 명부'!$X$4:$X$29,"") | BB43: O | BK43: =IFERROR(LEFT(표3[[#This Row],[주소]],FIND(" ",표3[[#This Row],[주소]])-1),"") -> 문정동28-4 | BL43: =IFERROR(MID(표3[[#This Row],[주소]], FIND(" ", 표3[[#This Row],[주소]])+1, FIND(" ", 표3[[#This Row],[주소]], FIND(" ", 표3[[#This Row],[주소]])+1) - FIND(" ", 표3[[#This Row],[주소]])-1),"") | BM43: =IFERROR(MID(표3[[#This Row],[주소]], FIND(" ", 표3[[#This Row],[주소]], FIND(" ", 표3[[#This Row],[주소]])+1)+1, FIND(" ", 표3[[#This Row],[주소]], FIND(" ", 표3[[#This Row],[주소]], FIND(" ", 표3[[#This Row],[주소]])+1)+1) - FIND(" ", 표3[[#This Row],[주소]], FIND(" ", 표3[[#This Row],[주소]])+1)-1),"") | BY43: 다세대 | BZ43: 40.4 | CA43: 20.28 | CB43: 311000000 | CC43: 311000000 | CD43: =표3[[#This Row],[종전추정가액]]*1.5219 -> 473310900
B44: 28 | C44: 28 | D44: 4 | E44: 프로방스빌 | F44: 402 | P44: [2026.04.13 17:32] 이민후 팀장: 4-13 주민간담회 참석(부인 김영옥) [2026.04.17 11:34] 최광식 부사장: 4-17 김영옥님 오전 방문. 오후 28-27번지 소유주아들(강동연 010-9798-7696)과 같이 방문예정. | R44: 0 | S44: 10.3 | T44: =표3[[#This Row],[편입면적]]/(SUM(표3[공부면적])) -> 0.0012868566 | W44: 20.52 | X44: 3.51 | Y44: 24.03 | AE44: {=IF(표3[[#This Row],[사용승인일자]]="","", IFERROR( _xlfn.IFS( AND(ISNUMBER(SEARCH("공동",표3[[#This Row],[주용도]])), ISNUMBER(SEARCH("철",표3[[#This Row],[주구조]])), 표3[[#This Row],[건물연령]]>=30), "O", AND(ISNUMBER(SEARCH("공동",표3[[#This Row],[주용도]])), COUNTIF(표3[[#This Row],[주구조]],"<>*철*"), 표3[[#This Row],[건물연령]]>=20), "O", AND(COUNTIF(표3[[#This Row],[주용도]],"<>*공동*"), COUNTIF(표3[[#This Row],[주용도]],"<>*단독*"), ISNUMBER(SEARCH("철",표3[[#This Row],[주구조]])), 표3[[#This Row],[건물연령]]>=30), "O", AND(COUNTIF(표3[[#This Row],[주용도]],"<>*공동*"), COUNTIF(표3[[#This Row],[주구조]],"<>*철*"), 표3[[#This Row],[건물연령]]>=20), "O", AND(COUNTIF(표3[[#This Row],[주용도]],"<>*공동*"), ISNUMBER(SEARCH("주택",표3[[#This Row],[주용도]])), 표3[[#This Row],[건물연령]]>=20), "O" ), "") )} | AG44: 철근콘크리트구조 | AI44: 공동주택 | AO44: 전홍기 | AP44: 1053390764 | AS44: =IF( OR(표3[[#This Row],[생년월일]]="", ISBLANK(표3[[#This Row],[생년월일]])), "", IFERROR( _xlfn.LET( _xlpm.y, VALUE(표3[[#This Row],[생년월일]]), _xlpm.yyyy, IF(_xlpm.y<100, IF(_xlpm.y>25, 1900+_xlpm.y, 2000+_xlpm.y), _xlpm.y), _xlpm.age, YEAR(TODAY())-_xlpm.yyyy, IF( _xlpm.age<40,"40대 미만", IF(_xlpm.age<50,"40대", IF(_xlpm.age<60,"50대", IF(_xlpm.age<70,"60대", IF(_xlpm.age<80,"70대","80대 이상") )))) ), "") ) | AT44: 문정동28-4 501호 | AW44: =IF(COUNTIF('설명회 참석자 명부'!$W$4:$W$29,표3[[#This Row],[성 명]])>0,"O","") | AX44: =_xlfn.XLOOKUP(표3[[#This Row],[성 명]],'설명회 참석자 명부'!$W$4:$W$29,'설명회 참석자 명부'!$X$4:$X$29,"") | BB44: O | BK44: =IFERROR(LEFT(표3[[#This Row],[주소]],FIND(" ",표3[[#This Row],[주소]])-1),"") -> 문정동28-4 | BL44: =IFERROR(MID(표3[[#This Row],[주소]], FIND(" ", 표3[[#This Row],[주소]])+1, FIND(" ", 표3[[#This Row],[주소]], FIND(" ", 표3[[#This Row],[주소]])+1) - FIND(" ", 표3[[#This Row],[주소]])-1),"") | BM44: =IFERROR(MID(표3[[#This Row],[주소]], FIND(" ", 표3[[#This Row],[주소]], FIND(" ", 표3[[#This Row],[주소]])+1)+1, FIND(" ", 표3[[#This Row],[주소]], FIND(" ", 표3[[#This Row],[주소]], FIND(" ", 표3[[#This Row],[주소]])+1)+1) - FIND(" ", 표3[[#This Row],[주소]], FIND(" ", 표3[[#This Row],[주소]])+1)-1),"") | BY44: 다세대 | BZ44: 20.52 | CA44: 10.3 | CB44: 158000000 | CC44: 158000000 | CD44: =표3[[#This Row],[종전추정가액]]*1.5219 -> 240460200
B45: 28 | C45: 28 | D45: 4 | E45: 프로방스빌 | F45: 403 | P45: [2026.04.13 17:32] 이민후 팀장: 4-13 주민간담회 참석(부인 김영옥) [2026.04.17 11:34] 최광식 부사장: 4-17 김영옥님 오전 방문. 오후 28-27번지 소유주아들(강동연 010-9798-7696)과 같이 방문예정. | R45: 0 | S45: 24.23 | T45: =표3[[#This Row],[편입면적]]/(SUM(표3[공부면적])) -> 0.0030272364 | W45: 48.27 | X45: 8.25 | Y45: 56.52 | AE45: {=IF(표3[[#This Row],[사용승인일자]]="","", IFERROR( _xlfn.IFS( AND(ISNUMBER(SEARCH("공동",표3[[#This Row],[주용도]])), ISNUMBER(SEARCH("철",표3[[#This Row],[주구조]])), 표3[[#This Row],[건물연령]]>=30), "O", AND(ISNUMBER(SEARCH("공동",표3[[#This Row],[주용도]])), COUNTIF(표3[[#This Row],[주구조]],"<>*철*"), 표3[[#This Row],[건물연령]]>=20), "O", AND(COUNTIF(표3[[#This Row],[주용도]],"<>*공동*"), COUNTIF(표3[[#This Row],[주용도]],"<>*단독*"), ISNUMBER(SEARCH("철",표3[[#This Row],[주구조]])), 표3[[#This Row],[건물연령]]>=30), "O", AND(COUNTIF(표3[[#This Row],[주용도]],"<>*공동*"), COUNTIF(표3[[#This Row],[주구조]],"<>*철*"), 표3[[#This Row],[건물연령]]>=20), "O", AND(COUNTIF(표3[[#This Row],[주용도]],"<>*공동*"), ISNUMBER(SEARCH("주택",표3[[#This Row],[주용도]])), 표3[[#This Row],[건물연령]]>=20), "O" ), "") )} | AG45: 철근콘크리트구조 | AI45: 공동주택 | AO45: 전홍기 | AP45: 1053390764 | AS45: =IF( OR(표3[[#This Row],[생년월일]]="", ISBLANK(표3[[#This Row],[생년월일]])), "", IFERROR( _xlfn.LET( _xlpm.y, VALUE(표3[[#This Row],[생년월일]]), _xlpm.yyyy, IF(_xlpm.y<100, IF(_xlpm.y>25, 1900+_xlpm.y, 2000+_xlpm.y), _xlpm.y), _xlpm.age, YEAR(TODAY())-_xlpm.yyyy, IF( _xlpm.age<40,"40대 미만", IF(_xlpm.age<50,"40대", IF(_xlpm.age<60,"50대", IF(_xlpm.age<70,"60대", IF(_xlpm.age<80,"70대","80대 이상") )))) ), "") ) | AT45: 문정동28-4 501호 | AW45: =IF(COUNTIF('설명회 참석자 명부'!$W$4:$W$29,표3[[#This Row],[성 명]])>0,"O","") | AX45: =_xlfn.XLOOKUP(표3[[#This Row],[성 명]],'설명회 참석자 명부'!$W$4:$W$29,'설명회 참석자 명부'!$X$4:$X$29,"") | BB45: O | BK45: =IFERROR(LEFT(표3[[#This Row],[주소]],FIND(" ",표3[[#This Row],[주소]])-1),"") -> 문정동28-4 | BL45: =IFERROR(MID(표3[[#This Row],[주소]], FIND(" ", 표3[[#This Row],[주소]])+1, FIND(" ", 표3[[#This Row],[주소]], FIND(" ", 표3[[#This Row],[주소]])+1) - FIND(" ", 표3[[#This Row],[주소]])-1),"") | BM45: =IFERROR(MID(표3[[#This Row],[주소]], FIND(" ", 표3[[#This Row],[주소]], FIND(" ", 표3[[#This Row],[주소]])+1)+1, FIND(" ", 표3[[#This Row],[주소]], FIND(" ", 표3[[#This Row],[주소]], FIND(" ", 표3[[#This Row],[주소]])+1)+1) - FIND(" ", 표3[[#This Row],[주소]], FIND(" ", 표3[[#This Row],[주소]])+1)-1),"") | BY45: 다세대 | BZ45: 48.27 | CA45: 24.23 | CB45: 372000000 | CC45: 372000000 | CD45: =표3[[#This Row],[종전추정가액]]*1.5219 -> 566146800
B46: 28 | C46: 28 | D46: 4 | E46: 프로방스빌 | F46: 501 | P46: [2026.04.13 17:32] 이민후 팀장: 4-13 주민간담회 참석(부인 김영옥) [2026.04.17 11:34] 최광식 부사장: 4-17 김영옥님 오전 방문. 오후 28-27번지 소유주아들(강동연 010-9798-7696)과 같이 방문예정. | R46: 0 | S46: 50.69 | T46: =표3[[#This Row],[편입면적]]/(SUM(표3[공부면적])) -> 0.0063330835 | W46: 100.95 | X46: 17.24 | Y46: 118.19 | AE46: {=IF(표3[[#This Row],[사용승인일자]]="","", IFERROR( _xlfn.IFS( AND(ISNUMBER(SEARCH("공동",표3[[#This Row],[주용도]])), ISNUMBER(SEARCH("철",표3[[#This Row],[주구조]])), 표3[[#This Row],[건물연령]]>=30), "O", AND(ISNUMBER(SEARCH("공동",표3[[#This Row],[주용도]])), COUNTIF(표3[[#This Row],[주구조]],"<>*철*"), 표3[[#This Row],[건물연령]]>=20), "O", AND(COUNTIF(표3[[#This Row],[주용도]],"<>*공동*"), COUNTIF(표3[[#This Row],[주용도]],"<>*단독*"), ISNUMBER(SEARCH("철",표3[[#This Row],[주구조]])), 표3[[#This Row],[건물연령]]>=30), "O", AND(COUNTIF(표3[[#This Row],[주용도]],"<>*공동*"), COUNTIF(표3[[#This Row],[주구조]],"<>*철*"), 표3[[#This Row],[건물연령]]>=20), "O", AND(COUNTIF(표3[[#This Row],[주용도]],"<>*공동*"), ISNUMBER(SEARCH("주택",표3[[#This Row],[주용도]])), 표3[[#This Row],[건물연령]]>=20), "O" ), "") )} | AG46: 철근콘크리트구조 | AI46: 공동주택 | AO46: 전홍기 | AP46: 1053390764 | AS46: =IF( OR(표3[[#This Row],[생년월일]]="", ISBLANK(표3[[#This Row],[생년월일]])), "", IFERROR( _xlfn.LET( _xlpm.y, VALUE(표3[[#This Row],[생년월일]]), _xlpm.yyyy, IF(_xlpm.y<100, IF(_xlpm.y>25, 1900+_xlpm.y, 2000+_xlpm.y), _xlpm.y), _xlpm.age, YEAR(TODAY())-_xlpm.yyyy, IF( _xlpm.age<40,"40대 미만", IF(_xlpm.age<50,"40대", IF(_xlpm.age<60,"50대", IF(_xlpm.age<70,"60대", IF(_xlpm.age<80,"70대","80대 이상") )))) ), "") ) | AT46: 문정동28-4 501호 | AW46: =IF(COUNTIF('설명회 참석자 명부'!$W$4:$W$29,표3[[#This Row],[성 명]])>0,"O","") | AX46: =_xlfn.XLOOKUP(표3[[#This Row],[성 명]],'설명회 참석자 명부'!$W$4:$W$29,'설명회 참석자 명부'!$X$4:$X$29,"") | BB46: O | BK46: =IFERROR(LEFT(표3[[#This Row],[주소]],FIND(" ",표3[[#This Row],[주소]])-1),"") -> 문정동28-4 | BL46: =IFERROR(MID(표3[[#This Row],[주소]], FIND(" ", 표3[[#This Row],[주소]])+1, FIND(" ", 표3[[#This Row],[주소]], FIND(" ", 표3[[#This Row],[주소]])+1) - FIND(" ", 표3[[#This Row],[주소]])-1),"") | BM46: =IFERROR(MID(표3[[#This Row],[주소]], FIND(" ", 표3[[#This Row],[주소]], FIND(" ", 표3[[#This Row],[주소]])+1)+1, FIND(" ", 표3[[#This Row],[주소]], FIND(" ", 표3[[#This Row],[주소]], FIND(" ", 표3[[#This Row],[주소]])+1)+1) - FIND(" ", 표3[[#This Row],[주소]], FIND(" ", 표3[[#This Row],[주소]])+1)-1),"") | BY46: 다세대 | BZ46: 100.95 | CA46: 50.69 | CB46: 778000000 | CC46: 778000000 | CD46: =표3[[#This Row],[종전추정가액]]*1.5219 -> 1184038200
C47: 28 | D47: 5 | E47: 파보르빌 | F47: 0 | Q47: 대 | R47: 214.9 | T47: =표3[[#This Row],[편입면적]]/(SUM(표3[공부면적])) -> 0 | U47: O | Y47: 0 | Z47: 507.83 | AC47: 2002.09.25 | AD47: 23 | AE47: {=IF(표3[[#This Row],[사용승인일자]]="","", IFERROR( _xlfn.IFS( AND(ISNUMBER(SEARCH("공동",표3[[#This Row],[주용도]])), ISNUMBER(SEARCH("철",표3[[#This Row],[주구조]])), 표3[[#This Row],[건물연령]]>=30), "O", AND(ISNUMBER(SEARCH("공동",표3[[#This Row],[주용도]])), COUNTIF(표3[[#This Row],[주구조]],"<>*철*"), 표3[[#This Row],[건물연령]]>=20), "O", AND(COUNTIF(표3[[#This Row],[주용도]],"<>*공동*"), COUNTIF(표3[[#This Row],[주용도]],"<>*단독*"), ISNUMBER(SEARCH("철",표3[[#This Row],[주구조]])), 표3[[#This Row],[건물연령]]>=30), "O", AND(COUNTIF(표3[[#This Row],[주용도]],"<>*공동*"), COUNTIF(표3[[#This Row],[주구조]],"<>*철*"), 표3[[#This Row],[건물연령]]>=20), "O", AND(COUNTIF(표3[[#This Row],[주용도]],"<>*공동*"), ISNUMBER(SEARCH("주택",표3[[#This Row],[주용도]])), 표3[[#This Row],[건물연령]]>=20), "O" ), "") )} | AG47: 철근콘크리트구조 | AI47: 공동주택 | AM47: 5 | AN47: 0 | AS47: =IF( OR(표3[[#This Row],[생년월일]]="", ISBLANK(표3[[#This Row],[생년월일]])), "", IFERROR( _xlfn.LET( _xlpm.y, VALUE(표3[[#This Row],[생년월일]]), _xlpm.yyyy, IF(_xlpm.y<100, IF(_xlpm.y>25, 1900+_xlpm.y, 2000+_xlpm.y), _xlpm.y), _xlpm.age, YEAR(TODAY())-_xlpm.yyyy, IF( _xlpm.age<40,"40대 미만", IF(_xlpm.age<50,"40대", IF(_xlpm.age<60,"50대", IF(_xlpm.age<70,"60대", IF(_xlpm.age<80,"70대","80대 이상") )))) ), "") ) | AW47: =IF(COUNTIF('설명회 참석자 명부'!$W$4:$W$29,표3[[#This Row],[성 명]])>0,"O","") | AX47: =_xlfn.XLOOKUP(표3[[#This Row],[성 명]],'설명회 참석자 명부'!$W$4:$W$29,'설명회 참석자 명부'!$X$4:$X$29,"") -> 0 | BK47: =IFERROR(LEFT(표3[[#This Row],[주소]],FIND(" ",표3[[#This Row],[주소]])-1),"") | BL47: =IFERROR(MID(표3[[#This Row],[주소]], FIND(" ", 표3[[#This Row],[주소]])+1, FIND(" ", 표3[[#This Row],[주소]], FIND(" ", 표3[[#This Row],[주소]])+1) - FIND(" ", 표3[[#This Row],[주소]])-1),"") | BM47: =IFERROR(MID(표3[[#This Row],[주소]], FIND(" ", 표3[[#This Row],[주소]], FIND(" ", 표3[[#This Row],[주소]])+1)+1, FIND(" ", 표3[[#This Row],[주소]], FIND(" ", 표3[[#This Row],[주소]], FIND(" ", 표3[[#This Row],[주소]])+1)+1) - FIND(" ", 표3[[#This Row],[주소]], FIND(" ", 표3[[#This Row],[주소]])+1)-1),"") | CD47: =표3[[#This Row],[종전추정가액]]*1.5219 -> 0
B48: 29 | C48: 28 | D48: 5 | E48: 파보르빌 | F48: 201 | R48: 0 | S48: 27.61 | T48: =표3[[#This Row],[편입면적]]/(SUM(표3[공부면적])) -> 0.0034495252 | W48: 58.24 | X48: 7.02 | Y48: 65.26 | AE48: {=IF(표3[[#This Row],[사용승인일자]]="","", IFERROR( _xlfn.IFS( AND(ISNUMBER(SEARCH("공동",표3[[#This Row],[주용도]])), ISNUMBER(SEARCH("철",표3[[#This Row],[주구조]])), 표3[[#This Row],[건물연령]]>=30), "O", AND(ISNUMBER(SEARCH("공동",표3[[#This Row],[주용도]])), COUNTIF(표3[[#This Row],[주구조]],"<>*철*"), 표3[[#This Row],[건물연령]]>=20), "O", AND(COUNTIF(표3[[#This Row],[주용도]],"<>*공동*"), COUNTIF(표3[[#This Row],[주용도]],"<>*단독*"), ISNUMBER(SEARCH("철",표3[[#This Row],[주구조]])), 표3[[#This Row],[건물연령]]>=30), "O", AND(COUNTIF(표3[[#This Row],[주용도]],"<>*공동*"), COUNTIF(표3[[#This Row],[주구조]],"<>*철*"), 표3[[#This Row],[건물연령]]>=20), "O", AND(COUNTIF(표3[[#This Row],[주용도]],"<>*공동*"), ISNUMBER(SEARCH("주택",표3[[#This Row],[주용도]])), 표3[[#This Row],[건물연령]]>=20), "O" ), "") )} | AG48: 철근콘크리트구조 | AI48: 공동주택 | AO48: 이상운 | AR48: 55 | AS48: =IF( OR(표3[[#This Row],[생년월일]]="", ISBLANK(표3[[#This Row],[생년월일]])), "", IFERROR( _xlfn.LET( _xlpm.y, VALUE(표3[[#This Row],[생년월일]]), _xlpm.yyyy, IF(_xlpm.y<100, IF(_xlpm.y>25, 1900+_xlpm.y, 2000+_xlpm.y), _xlpm.y), _xlpm.age, YEAR(TODAY())-_xlpm.yyyy, IF( _xlpm.age<40,"40대 미만", IF(_xlpm.age<50,"40대", IF(_xlpm.age<60,"50대", IF(_xlpm.age<70,"60대", IF(_xlpm.age<80,"70대","80대 이상") )))) ), "") ) -> 70대 | AT48: 서울특별시송파구 송이로23길 30-14, 201호(가락동, 다솜빌라) | AW48: =IF(COUNTIF('설명회 참석자 명부'!$W$4:$W$29,표3[[#This Row],[성 명]])>0,"O","") | AX48: =_xlfn.XLOOKUP(표3[[#This Row],[성 명]],'설명회 참석자 명부'!$W$4:$W$29,'설명회 참석자 명부'!$X$4:$X$29,"") | BK48: =IFERROR(LEFT(표3[[#This Row],[주소]],FIND(" ",표3[[#This Row],[주소]])-1),"") -> 서울특별시송파구 | BL48: =IFERROR(MID(표3[[#This Row],[주소]], FIND(" ", 표3[[#This Row],[주소]])+1, FIND(" ", 표3[[#This Row],[주소]], FIND(" ", 표3[[#This Row],[주소]])+1) - FIND(" ", 표3[[#This Row],[주소]])-1),"") -> 송이로23길 | BM48: =IFERROR(MID(표3[[#This Row],[주소]], FIND(" ", 표3[[#This Row],[주소]], FIND(" ", 표3[[#This Row],[주소]])+1)+1, FIND(" ", 표3[[#This Row],[주소]], FIND(" ", 표3[[#This Row],[주소]], FIND(" ", 표3[[#This Row],[주소]])+1)+1) - FIND(" ", 표3[[#This Row],[주소]], FIND(" ", 표3[[#This Row],[주소]])+1)-1),"") -> 30-14, | BY48: 다세대 | BZ48: 58.24 | CA48: 27.61 | CB48: 424000000 | CC48: 424000000 | CD48: =표3[[#This Row],[종전추정가액]]*1.5219 -> 645285600
B49: 30 | C49: 28 | D49: 5 | E49: 파보르빌 | F49: 202 | K49: O | L49: O | M49: O | P49: [2026.04.13 17:20] 이민후 팀장: 4-13 간담회 참석 [2026.04.15 13:01] 최광식 부사장: 4/15 동의서 제출(신분증 사진찍음_최광식). 조합장 의지 많으심. | R49: 0 | S49: 27.61 | T49: =표3[[#This Row],[편입면적]]/(SUM(표3[공부면적])) -> 0.0034495252 | W49: 58.24 | X49: 7.02 | Y49: 65.26 | AE49: {=IF(표3[[#This Row],[사용승인일자]]="","", IFERROR( _xlfn.IFS( AND(ISNUMBER(SEARCH("공동",표3[[#This Row],[주용도]])), ISNUMBER(SEARCH("철",표3[[#This Row],[주구조]])), 표3[[#This Row],[건물연령]]>=30), "O", AND(ISNUMBER(SEARCH("공동",표3[[#This Row],[주용도]])), COUNTIF(표3[[#This Row],[주구조]],"<>*철*"), 표3[[#This Row],[건물연령]]>=20), "O", AND(COUNTIF(표3[[#This Row],[주용도]],"<>*공동*"), COUNTIF(표3[[#This Row],[주용도]],"<>*단독*"), ISNUMBER(SEARCH("철",표3[[#This Row],[주구조]])), 표3[[#This Row],[건물연령]]>=30), "O", AND(COUNTIF(표3[[#This Row],[주용도]],"<>*공동*"), COUNTIF(표3[[#This Row],[주구조]],"<>*철*"), 표3[[#This Row],[건물연령]]>=20), "O", AND(COUNTIF(표3[[#This Row],[주용도]],"<>*공동*"), ISNUMBER(SEARCH("주택",표3[[#This Row],[주용도]])), 표3[[#This Row],[건물연령]]>=20), "O" ), "") )} | AG49: 철근콘크리트구조 | AI49: 공동주택 | AO49: 신영남 | AP49: 1022802127 | AQ49: 구 통장 | AR49: 61 | AS49: =IF( OR(표3[[#This Row],[생년월일]]="", ISBLANK(표3[[#This Row],[생년월일]])), "", IFERROR( _xlfn.LET( _xlpm.y, VALUE(표3[[#This Row],[생년월일]]), _xlpm.yyyy, IF(_xlpm.y<100, IF(_xlpm.y>25, 1900+_xlpm.y, 2000+_xlpm.y), _xlpm.y), _xlpm.age, YEAR(TODAY())-_xlpm.yyyy, IF( _xlpm.age<40,"40대 미만", IF(_xlpm.age<50,"40대", IF(_xlpm.age<60,"50대", IF(_xlpm.age<70,"60대", IF(_xlpm.age<80,"70대","80대 이상") )))) ), "") ) -> 60대 | AT49: 서울특별시 송파구 문정동 28-5 202호 | AV49: O | AW49: =IF(COUNTIF('설명회 참석자 명부'!$W$4:$W$29,표3[[#This Row],[성 명]])>0,"O","") | AX49: =_xlfn.XLOOKUP(표3[[#This Row],[성 명]],'설명회 참석자 명부'!$W$4:$W$29,'설명회 참석자 명부'!$X$4:$X$29,"") | BA49: O | BB49: O | BK49: =IFERROR(LEFT(표3[[#This Row],[주소]],FIND(" ",표3[[#This Row],[주소]])-1),"") -> 서울특별시 | BL49: =IFERROR(MID(표3[[#This Row],[주소]], FIND(" ", 표3[[#This Row],[주소]])+1, FIND(" ", 표3[[#This Row],[주소]], FIND(" ", 표3[[#This Row],[주소]])+1) - FIND(" ", 표3[[#This Row],[주소]])-1),"") -> 송파구 | BM49: =IFERROR(MID(표3[[#This Row],[주소]], FIND(" ", 표3[[#This Row],[주소]], FIND(" ", 표3[[#This Row],[주소]])+1)+1, FIND(" ", 표3[[#This Row],[주소]], FIND(" ", 표3[[#This Row],[주소]], FIND(" ", 표3[[#This Row],[주소]])+1)+1) - FIND(" ", 표3[[#This Row],[주소]], FIND(" ", 표3[[#This Row],[주소]])+1)-1),"") -> 문정동 | BY49: 다세대 | BZ49: 58.24 | CA49: 27.61 | CB49: 424000000 | CC49: 424000000 | CD49: =표3[[#This Row],[종전추정가액]]*1.5219 -> 645285600
B50: 31 | C50: 28 | D50: 5 | E50: 파보르빌 | F50: 301 | R50: 0 | S50: 27.61 | T50: =표3[[#This Row],[편입면적]]/(SUM(표3[공부면적])) -> 0.0034495252 | W50: 58.24 | X50: 7.02 | Y50: 65.26 | AE50: {=IF(표3[[#This Row],[사용승인일자]]="","", IFERROR( _xlfn.IFS( AND(ISNUMBER(SEARCH("공동",표3[[#This Row],[주용도]])), ISNUMBER(SEARCH("철",표3[[#This Row],[주구조]])), 표3[[#This Row],[건물연령]]>=30), "O", AND(ISNUMBER(SEARCH("공동",표3[[#This Row],[주용도]])), COUNTIF(표3[[#This Row],[주구조]],"<>*철*"), 표3[[#This Row],[건물연령]]>=20), "O", AND(COUNTIF(표3[[#This Row],[주용도]],"<>*공동*"), COUNTIF(표3[[#This Row],[주용도]],"<>*단독*"), ISNUMBER(SEARCH("철",표3[[#This Row],[주구조]])), 표3[[#This Row],[건물연령]]>=30), "O", AND(COUNTIF(표3[[#This Row],[주용도]],"<>*공동*"), COUNTIF(표3[[#This Row],[주구조]],"<>*철*"), 표3[[#This Row],[건물연령]]>=20), "O", AND(COUNTIF(표3[[#This Row],[주용도]],"<>*공동*"), ISNUMBER(SEARCH("주택",표3[[#This Row],[주용도]])), 표3[[#This Row],[건물연령]]>=20), "O" ), "") )} | AG50: 철근콘크리트구조 | AI50: 공동주택 | AO50: 박행주 | AR50: 65 | AS50: =IF( OR(표3[[#This Row],[생년월일]]="", ISBLANK(표3[[#This Row],[생년월일]])), "", IFERROR( _xlfn.LET( _xlpm.y, VALUE(표3[[#This Row],[생년월일]]), _xlpm.yyyy, IF(_xlpm.y<100, IF(_xlpm.y>25, 1900+_xlpm.y, 2000+_xlpm.y), _xlpm.y), _xlpm.age, YEAR(TODAY())-_xlpm.yyyy, IF( _xlpm.age<40,"40대 미만", IF(_xlpm.age<50,"40대", IF(_xlpm.age<60,"50대", IF(_xlpm.age<70,"60대", IF(_xlpm.age<80,"70대","80대 이상") )))) ), "") ) -> 60대 | AT50: 서울 송파구 문정동 7-7 경동빌라 102호 | AW50: =IF(COUNTIF('설명회 참석자 명부'!$W$4:$W$29,표3[[#This Row],[성 명]])>0,"O","") | AX50: =_xlfn.XLOOKUP(표3[[#This Row],[성 명]],'설명회 참석자 명부'!$W$4:$W$29,'설명회 참석자 명부'!$X$4:$X$29,"") | BK50: =IFERROR(LEFT(표3[[#This Row],[주소]],FIND(" ",표3[[#This Row],[주소]])-1),"") -> 서울 | BL50: =IFERROR(MID(표3[[#This Row],[주소]], FIND(" ", 표3[[#This Row],[주소]])+1, FIND(" ", 표3[[#This Row],[주소]], FIND(" ", 표3[[#This Row],[주소]])+1) - FIND(" ", 표3[[#This Row],[주소]])-1),"") -> 송파구 | BM50: =IFERROR(MID(표3[[#This Row],[주소]], FIND(" ", 표3[[#This Row],[주소]], FIND(" ", 표3[[#This Row],[주소]])+1)+1, FIND(" ", 표3[[#This Row],[주소]], FIND(" ", 표3[[#This Row],[주소]], FIND(" ", 표3[[#This Row],[주소]])+1)+1) - FIND(" ", 표3[[#This Row],[주소]], FIND(" ", 표3[[#This Row],[주소]])+1)-1),"") -> 문정동 | BY50: 다세대 | BZ50: 58.24 | CA50: 27.61 | CB50: 428000000 | CC50: 428000000 | CD50: =표3[[#This Row],[종전추정가액]]*1.5219 -> 651373200
B51: 32 | C51: 28 | D51: 5 | E51: 파보르빌 | F51: 302 | R51: 0 | S51: 27.61 | T51: =표3[[#This Row],[편입면적]]/(SUM(표3[공부면적])) -> 0.0034495252 | W51: 58.24 | X51: 7.02 | Y51: 65.26 | AE51: {=IF(표3[[#This Row],[사용승인일자]]="","", IFERROR( _xlfn.IFS( AND(ISNUMBER(SEARCH("공동",표3[[#This Row],[주용도]])), ISNUMBER(SEARCH("철",표3[[#This Row],[주구조]])), 표3[[#This Row],[건물연령]]>=30), "O", AND(ISNUMBER(SEARCH("공동",표3[[#This Row],[주용도]])), COUNTIF(표3[[#This Row],[주구조]],"<>*철*"), 표3[[#This Row],[건물연령]]>=20), "O", AND(COUNTIF(표3[[#This Row],[주용도]],"<>*공동*"), COUNTIF(표3[[#This Row],[주용도]],"<>*단독*"), ISNUMBER(SEARCH("철",표3[[#This Row],[주구조]])), 표3[[#This Row],[건물연령]]>=30), "O", AND(COUNTIF(표3[[#This Row],[주용도]],"<>*공동*"), COUNTIF(표3[[#This Row],[주구조]],"<>*철*"), 표3[[#This Row],[건물연령]]>=20), "O", AND(COUNTIF(표3[[#This Row],[주용도]],"<>*공동*"), ISNUMBER(SEARCH("주택",표3[[#This Row],[주용도]])), 표3[[#This Row],[건물연령]]>=20), "O" ), "") )} | AG51: 철근콘크리트구조 | AI51: 공동주택 | AO51: 김순례 | AR51: 57 | AS51: =IF( OR(표3[[#This Row],[생년월일]]="", ISBLANK(표3[[#This Row],[생년월일]])), "", IFERROR( _xlfn.LET( _xlpm.y, VALUE(표3[[#This Row],[생년월일]]), _xlpm.yyyy, IF(_xlpm.y<100, IF(_xlpm.y>25, 1900+_xlpm.y, 2000+_xlpm.y), _xlpm.y), _xlpm.age, YEAR(TODAY())-_xlpm.yyyy, IF( _xlpm.age<40,"40대 미만", IF(_xlpm.age<50,"40대", IF(_xlpm.age<60,"50대", IF(_xlpm.age<70,"60대", IF(_xlpm.age<80,"70대","80대 이상") )))) ), "") ) -> 60대 | AT51: 서울특별시 송파구 동남로6길 3-16, 302호 (문정동) | AU51: O | AW51: =IF(COUNTIF('설명회 참석자 명부'!$W$4:$W$29,표3[[#This Row],[성 명]])>0,"O","") | AX51: =_xlfn.XLOOKUP(표3[[#This Row],[성 명]],'설명회 참석자 명부'!$W$4:$W$29,'설명회 참석자 명부'!$X$4:$X$29,"") | BK51: =IFERROR(LEFT(표3[[#This Row],[주소]],FIND(" ",표3[[#This Row],[주소]])-1),"") -> 서울특별시 | BL51: =IFERROR(MID(표3[[#This Row],[주소]], FIND(" ", 표3[[#This Row],[주소]])+1, FIND(" ", 표3[[#This Row],[주소]], FIND(" ", 표3[[#This Row],[주소]])+1) - FIND(" ", 표3[[#This Row],[주소]])-1),"") -> 송파구 | BM51: =IFERROR(MID(표3[[#This Row],[주소]], FIND(" ", 표3[[#This Row],[주소]], FIND(" ", 표3[[#This Row],[주소]])+1)+1, FIND(" ", 표3[[#This Row],[주소]], FIND(" ", 표3[[#This Row],[주소]], FIND(" ", 표3[[#This Row],[주소]])+1)+1) - FIND(" ", 표3[[#This Row],[주소]], FIND(" ", 표3[[#This Row],[주소]])+1)-1),"") -> 동남로6길 | BY51: 다세대 | BZ51: 58.24 | CA51: 27.61 | CB51: 428000000 | CC51: 428000000 | CD51: =표3[[#This Row],[종전추정가액]]*1.5219 -> 651373200
B52: 33 | C52: 28 | D52: 5 | E52: 파보르빌 | F52: 401 | R52: 0 | S52: 27.61 | T52: =표3[[#This Row],[편입면적]]/(SUM(표3[공부면적])) -> 0.0034495252 | W52: 58.24 | X52: 7.02 | Y52: 65.26 | AE52: {=IF(표3[[#This Row],[사용승인일자]]="","", IFERROR( _xlfn.IFS( AND(ISNUMBER(SEARCH("공동",표3[[#This Row],[주용도]])), ISNUMBER(SEARCH("철",표3[[#This Row],[주구조]])), 표3[[#This Row],[건물연령]]>=30), "O", AND(ISNUMBER(SEARCH("공동",표3[[#This Row],[주용도]])), COUNTIF(표3[[#This Row],[주구조]],"<>*철*"), 표3[[#This Row],[건물연령]]>=20), "O", AND(COUNTIF(표3[[#This Row],[주용도]],"<>*공동*"), COUNTIF(표3[[#This Row],[주용도]],"<>*단독*"), ISNUMBER(SEARCH("철",표3[[#This Row],[주구조]])), 표3[[#This Row],[건물연령]]>=30), "O", AND(COUNTIF(표3[[#This Row],[주용도]],"<>*공동*"), COUNTIF(표3[[#This Row],[주구조]],"<>*철*"), 표3[[#This Row],[건물연령]]>=20), "O", AND(COUNTIF(표3[[#This Row],[주용도]],"<>*공동*"), ISNUMBER(SEARCH("주택",표3[[#This Row],[주용도]])), 표3[[#This Row],[건물연령]]>=20), "O" ), "") )} | AG52: 철근콘크리트구조 | AI52: 공동주택 | AO52: 김정숙 | AR52: 69 | AS52: =IF( OR(표3[[#This Row],[생년월일]]="", ISBLANK(표3[[#This Row],[생년월일]])), "", IFERROR( _xlfn.LET( _xlpm.y, VALUE(표3[[#This Row],[생년월일]]), _xlpm.yyyy, IF(_xlpm.y<100, IF(_xlpm.y>25, 1900+_xlpm.y, 2000+_xlpm.y), _xlpm.y), _xlpm.age, YEAR(TODAY())-_xlpm.yyyy, IF( _xlpm.age<40,"40대 미만", IF(_xlpm.age<50,"40대", IF(_xlpm.age<60,"50대", IF(_xlpm.age<70,"60대", IF(_xlpm.age<80,"70대","80대 이상") )))) ), "") ) -> 50대 | AT52: 서울특별시 송파구 동남로6길 3-16,401호(문정동) | AU52: O | AW52: =IF(COUNTIF('설명회 참석자 명부'!$W$4:$W$29,표3[[#This Row],[성 명]])>0,"O","") | AX52: =_xlfn.XLOOKUP(표3[[#This Row],[성 명]],'설명회 참석자 명부'!$W$4:$W$29,'설명회 참석자 명부'!$X$4:$X$29,"") | BK52: =IFERROR(LEFT(표3[[#This Row],[주소]],FIND(" ",표3[[#This Row],[주소]])-1),"") -> 서울특별시 | BL52: =IFERROR(MID(표3[[#This Row],[주소]], FIND(" ", 표3[[#This Row],[주소]])+1, FIND(" ", 표3[[#This Row],[주소]], FIND(" ", 표3[[#This Row],[주소]])+1) - FIND(" ", 표3[[#This Row],[주소]])-1),"") -> 송파구 | BM52: =IFERROR(MID(표3[[#This Row],[주소]], FIND(" ", 표3[[#This Row],[주소]], FIND(" ", 표3[[#This Row],[주소]])+1)+1, FIND(" ", 표3[[#This Row],[주소]], FIND(" ", 표3[[#This Row],[주소]], FIND(" ", 표3[[#This Row],[주소]])+1)+1) - FIND(" ", 표3[[#This Row],[주소]], FIND(" ", 표3[[#This Row],[주소]])+1)-1),"") -> 동남로6길 | BY52: 다세대 | BZ52: 58.24 | CA52: 27.61 | CB52: 428000000 | CC52: 428000000 | CD52: =표3[[#This Row],[종전추정가액]]*1.5219 -> 651373200
B53: 34 | C53: 28 | D53: 5 | E53: 파보르빌 | F53: 402 | R53: 0 | S53: 27.61 | T53: =표3[[#This Row],[편입면적]]/(SUM(표3[공부면적])) -> 0.0034495252 | W53: 58.24 | X53: 7.02 | Y53: 65.26 | AE53: {=IF(표3[[#This Row],[사용승인일자]]="","", IFERROR( _xlfn.IFS( AND(ISNUMBER(SEARCH("공동",표3[[#This Row],[주용도]])), ISNUMBER(SEARCH("철",표3[[#This Row],[주구조]])), 표3[[#This Row],[건물연령]]>=30), "O", AND(ISNUMBER(SEARCH("공동",표3[[#This Row],[주용도]])), COUNTIF(표3[[#This Row],[주구조]],"<>*철*"), 표3[[#This Row],[건물연령]]>=20), "O", AND(COUNTIF(표3[[#This Row],[주용도]],"<>*공동*"), COUNTIF(표3[[#This Row],[주용도]],"<>*단독*"), ISNUMBER(SEARCH("철",표3[[#This Row],[주구조]])), 표3[[#This Row],[건물연령]]>=30), "O", AND(COUNTIF(표3[[#This Row],[주용도]],"<>*공동*"), COUNTIF(표3[[#This Row],[주구조]],"<>*철*"), 표3[[#This Row],[건물연령]]>=20), "O", AND(COUNTIF(표3[[#This Row],[주용도]],"<>*공동*"), ISNUMBER(SEARCH("주택",표3[[#This Row],[주용도]])), 표3[[#This Row],[건물연령]]>=20), "O" ), "") )} | AG53: 철근콘크리트구조 | AI53: 공동주택 | AO53: 한만현 | AR53: 57 | AS53: =IF( OR(표3[[#This Row],[생년월일]]="", ISBLANK(표3[[#This Row],[생년월일]])), "", IFERROR( _xlfn.LET( _xlpm.y, VALUE(표3[[#This Row],[생년월일]]), _xlpm.yyyy, IF(_xlpm.y<100, IF(_xlpm.y>25, 1900+_xlpm.y, 2000+_xlpm.y), _xlpm.y), _xlpm.age, YEAR(TODAY())-_xlpm.yyyy, IF( _xlpm.age<40,"40대 미만", IF(_xlpm.age<50,"40대", IF(_xlpm.age<60,"50대", IF(_xlpm.age<70,"60대", IF(_xlpm.age<80,"70대","80대 이상") )))) ), "") ) -> 60대 | AT53: 서울특별시 송파구 동남로 8길3-8, 402호(문정동,뉴로데오빌라) | AW53: =IF(COUNTIF('설명회 참석자 명부'!$W$4:$W$29,표3[[#This Row],[성 명]])>0,"O","") | AX53: =_xlfn.XLOOKUP(표3[[#This Row],[성 명]],'설명회 참석자 명부'!$W$4:$W$29,'설명회 참석자 명부'!$X$4:$X$29,"") | BK53: =IFERROR(LEFT(표3[[#This Row],[주소]],FIND(" ",표3[[#This Row],[주소]])-1),"") -> 서울특별시 | BL53: =IFERROR(MID(표3[[#This Row],[주소]], FIND(" ", 표3[[#This Row],[주소]])+1, FIND(" ", 표3[[#This Row],[주소]], FIND(" ", 표3[[#This Row],[주소]])+1) - FIND(" ", 표3[[#This Row],[주소]])-1),"") -> 송파구 | BM53: =IFERROR(MID(표3[[#This Row],[주소]], FIND(" ", 표3[[#This Row],[주소]], FIND(" ", 표3[[#This Row],[주소]])+1)+1, FIND(" ", 표3[[#This Row],[주소]], FIND(" ", 표3[[#This Row],[주소]], FIND(" ", 표3[[#This Row],[주소]])+1)+1) - FIND(" ", 표3[[#This Row],[주소]], FIND(" ", 표3[[#This Row],[주소]])+1)-1),"") -> 동남로 | BY53: 다세대 | BZ53: 58.24 | CA53: 27.61 | CB53: 428000000 | CC53: 428000000 | CD53: =표3[[#This Row],[종전추정가액]]*1.5219 -> 651373200
B54: 35 | C54: 28 | D54: 5 | E54: 파보르빌 | F54: 501 | R54: 0 | S54: 23.67 | T54: =표3[[#This Row],[편입면적]]/(SUM(표3[공부면적])) -> 0.0029572714 | W54: 49.93 | X54: 6 | Y54: 55.93 | AE54: {=IF(표3[[#This Row],[사용승인일자]]="","", IFERROR( _xlfn.IFS( AND(ISNUMBER(SEARCH("공동",표3[[#This Row],[주용도]])), ISNUMBER(SEARCH("철",표3[[#This Row],[주구조]])), 표3[[#This Row],[건물연령]]>=30), "O", AND(ISNUMBER(SEARCH("공동",표3[[#This Row],[주용도]])), COUNTIF(표3[[#This Row],[주구조]],"<>*철*"), 표3[[#This Row],[건물연령]]>=20), "O", AND(COUNTIF(표3[[#This Row],[주용도]],"<>*공동*"), COUNTIF(표3[[#This Row],[주용도]],"<>*단독*"), ISNUMBER(SEARCH("철",표3[[#This Row],[주구조]])), 표3[[#This Row],[건물연령]]>=30), "O", AND(COUNTIF(표3[[#This Row],[주용도]],"<>*공동*"), COUNTIF(표3[[#This Row],[주구조]],"<>*철*"), 표3[[#This Row],[건물연령]]>=20), "O", AND(COUNTIF(표3[[#This Row],[주용도]],"<>*공동*"), ISNUMBER(SEARCH("주택",표3[[#This Row],[주용도]])), 표3[[#This Row],[건물연령]]>=20), "O" ), "") )} | AG54: 철근콘크리트구조 | AI54: 공동주택 | AO54: 조한미 | AR54: 64 | AS54: =IF( OR(표3[[#This Row],[생년월일]]="", ISBLANK(표3[[#This Row],[생년월일]])), "", IFERROR( _xlfn.LET( _xlpm.y, VALUE(표3[[#This Row],[생년월일]]), _xlpm.yyyy, IF(_xlpm.y<100, IF(_xlpm.y>25, 1900+_xlpm.y, 2000+_xlpm.y), _xlpm.y), _xlpm.age, YEAR(TODAY())-_xlpm.yyyy, IF( _xlpm.age<40,"40대 미만", IF(_xlpm.age<50,"40대", IF(_xlpm.age<60,"50대", IF(_xlpm.age<70,"60대", IF(_xlpm.age<80,"70대","80대 이상") )))) ), "") ) -> 60대 | AT54: 서울특별시 송파구 동남로6길 3-16, 501호(문정동) | AU54: O | AW54: =IF(COUNTIF('설명회 참석자 명부'!$W$4:$W$29,표3[[#This Row],[성 명]])>0,"O","") | AX54: =_xlfn.XLOOKUP(표3[[#This Row],[성 명]],'설명회 참석자 명부'!$W$4:$W$29,'설명회 참석자 명부'!$X$4:$X$29,"") | BK54: =IFERROR(LEFT(표3[[#This Row],[주소]],FIND(" ",표3[[#This Row],[주소]])-1),"") -> 서울특별시 | BL54: =IFERROR(MID(표3[[#This Row],[주소]], FIND(" ", 표3[[#This Row],[주소]])+1, FIND(" ", 표3[[#This Row],[주소]], FIND(" ", 표3[[#This Row],[주소]])+1) - FIND(" ", 표3[[#This Row],[주소]])-1),"") -> 송파구 | BM54: =IFERROR(MID(표3[[#This Row],[주소]], FIND(" ", 표3[[#This Row],[주소]], FIND(" ", 표3[[#This Row],[주소]])+1)+1, FIND(" ", 표3[[#This Row],[주소]], FIND(" ", 표3[[#This Row],[주소]], FIND(" ", 표3[[#This Row],[주소]])+1)+1) - FIND(" ", 표3[[#This Row],[주소]], FIND(" ", 표3[[#This Row],[주소]])+1)-1),"") -> 동남로6길 | BY54: 다세대 | BZ54: 49.93 | CA54: 23.67 | CB54: 367000000 | CC54: 367000000 | CD54: =표3[[#This Row],[종전추정가액]]*1.5219 -> 558537300
B55: 36 | C55: 28 | D55: 5 | E55: 파보르빌 | F55: 502 | R55: 0 | S55: 25.53 | T55: =표3[[#This Row],[편입면적]]/(SUM(표3[공부면적])) -> 0.0031896552 | W55: 53.86 | X55: 6.48 | Y55: 60.34 | AE55: {=IF(표3[[#This Row],[사용승인일자]]="","", IFERROR( _xlfn.IFS( AND(ISNUMBER(SEARCH("공동",표3[[#This Row],[주용도]])), ISNUMBER(SEARCH("철",표3[[#This Row],[주구조]])), 표3[[#This Row],[건물연령]]>=30), "O", AND(ISNUMBER(SEARCH("공동",표3[[#This Row],[주용도]])), COUNTIF(표3[[#This Row],[주구조]],"<>*철*"), 표3[[#This Row],[건물연령]]>=20), "O", AND(COUNTIF(표3[[#This Row],[주용도]],"<>*공동*"), COUNTIF(표3[[#This Row],[주용도]],"<>*단독*"), ISNUMBER(SEARCH("철",표3[[#This Row],[주구조]])), 표3[[#This Row],[건물연령]]>=30), "O", AND(COUNTIF(표3[[#This Row],[주용도]],"<>*공동*"), COUNTIF(표3[[#This Row],[주구조]],"<>*철*"), 표3[[#This Row],[건물연령]]>=20), "O", AND(COUNTIF(표3[[#This Row],[주용도]],"<>*공동*"), ISNUMBER(SEARCH("주택",표3[[#This Row],[주용도]])), 표3[[#This Row],[건물연령]]>=20), "O" ), "") )} | AG55: 철근콘크리트구조 | AI55: 공동주택 | AO55: 김재식 | AP55: 1042129409 | AR55: 51 | AS55: =IF( OR(표3[[#This Row],[생년월일]]="", ISBLANK(표3[[#This Row],[생년월일]])), "", IFERROR( _xlfn.LET( _xlpm.y, VALUE(표3[[#This Row],[생년월일]]), _xlpm.yyyy, IF(_xlpm.y<100, IF(_xlpm.y>25, 1900+_xlpm.y, 2000+_xlpm.y), _xlpm.y), _xlpm.age, YEAR(TODAY())-_xlpm.yyyy, IF( _xlpm.age<40,"40대 미만", IF(_xlpm.age<50,"40대", IF(_xlpm.age<60,"50대", IF(_xlpm.age<70,"60대", IF(_xlpm.age<80,"70대","80대 이상") )))) ), "") ) -> 70대 | AT55: 서울특별시 송파구 동남로6길 3-16, 502호(문정동) | AU55: O | AW55: =IF(COUNTIF('설명회 참석자 명부'!$W$4:$W$29,표3[[#This Row],[성 명]])>0,"O","") | AX55: =_xlfn.XLOOKUP(표3[[#This Row],[성 명]],'설명회 참석자 명부'!$W$4:$W$29,'설명회 참석자 명부'!$X$4:$X$29,"") | BA55: O | BB55: O | BK55: =IFERROR(LEFT(표3[[#This Row],[주소]],FIND(" ",표3[[#This Row],[주소]])-1),"") -> 서울특별시 | BL55: =IFERROR(MID(표3[[#This Row],[주소]], FIND(" ", 표3[[#This Row],[주소]])+1, FIND(" ", 표3[[#This Row],[주소]], FIND(" ", 표3[[#This Row],[주소]])+1) - FIND(" ", 표3[[#This Row],[주소]])-1),"") -> 송파구 | BM55: =IFERROR(MID(표3[[#This Row],[주소]], FIND(" ", 표3[[#This Row],[주소]], FIND(" ", 표3[[#This Row],[주소]])+1)+1, FIND(" ", 표3[[#This Row],[주소]], FIND(" ", 표3[[#This Row],[주소]], FIND(" ", 표3[[#This Row],[주소]])+1)+1) - FIND(" ", 표3[[#This Row],[주소]], FIND(" ", 표3[[#This Row],[주소]])+1)-1),"") -> 동남로6길 | BY55: 다세대 | BZ55: 53.86 | CA55: 25.53 | CB55: 396000000 | CC55: 396000000 | CD55: =표3[[#This Row],[종전추정가액]]*1.5219 -> 602672400
C56: 28 | D56: 6 | E56: 다세대1 | F56: 0 | Q56: 대 | R56: 386.8 | T56: =표3[[#This Row],[편입면적]]/(SUM(표3[공부면적])) -> 0 | U56: O | Y56: 0 | Z56: 796.65 | AC56: 2002.10.14 | AD56: 23 | AE56: {=IF(표3[[#This Row],[사용승인일자]]="","", IFERROR( _xlfn.IFS( AND(ISNUMBER(SEARCH("공동",표3[[#This Row],[주용도]])), ISNUMBER(SEARCH("철",표3[[#This Row],[주구조]])), 표3[[#This Row],[건물연령]]>=30), "O", AND(ISNUMBER(SEARCH("공동",표3[[#This Row],[주용도]])), COUNTIF(표3[[#This Row],[주구조]],"<>*철*"), 표3[[#This Row],[건물연령]]>=20), "O", AND(COUNTIF(표3[[#This Row],[주용도]],"<>*공동*"), COUNTIF(표3[[#This Row],[주용도]],"<>*단독*"), ISNUMBER(SEARCH("철",표3[[#This Row],[주구조]])), 표3[[#This Row],[건물연령]]>=30), "O", AND(COUNTIF(표3[[#This Row],[주용도]],"<>*공동*"), COUNTIF(표3[[#This Row],[주구조]],"<>*철*"), 표3[[#This Row],[건물연령]]>=20), "O", AND(COUNTIF(표3[[#This Row],[주용도]],"<>*공동*"), ISNUMBER(SEARCH("주택",표3[[#This Row],[주용도]])), 표3[[#This Row],[건물연령]]>=20), "O" ), "") )} | AG56: 철근콘크리트구조 | AI56: 공동주택 | AM56: 5 | AN56: 0 | AS56: =IF( OR(표3[[#This Row],[생년월일]]="", ISBLANK(표3[[#This Row],[생년월일]])), "", IFERROR( _xlfn.LET( _xlpm.y, VALUE(표3[[#This Row],[생년월일]]), _xlpm.yyyy, IF(_xlpm.y<100, IF(_xlpm.y>25, 1900+_xlpm.y, 2000+_xlpm.y), _xlpm.y), _xlpm.age, YEAR(TODAY())-_xlpm.yyyy, IF( _xlpm.age<40,"40대 미만", IF(_xlpm.age<50,"40대", IF(_xlpm.age<60,"50대", IF(_xlpm.age<70,"60대", IF(_xlpm.age<80,"70대","80대 이상") )))) ), "") ) | AW56: =IF(COUNTIF('설명회 참석자 명부'!$W$4:$W$29,표3[[#This Row],[성 명]])>0,"O","") | AX56: =_xlfn.XLOOKUP(표3[[#This Row],[성 명]],'설명회 참석자 명부'!$W$4:$W$29,'설명회 참석자 명부'!$X$4:$X$29,"") -> 0 | BK56: =IFERROR(LEFT(표3[[#This Row],[주소]],FIND(" ",표3[[#This Row],[주소]])-1),"") | BL56: =IFERROR(MID(표3[[#This Row],[주소]], FIND(" ", 표3[[#This Row],[주소]])+1, FIND(" ", 표3[[#This Row],[주소]], FIND(" ", 표3[[#This Row],[주소]])+1) - FIND(" ", 표3[[#This Row],[주소]])-1),"") | BM56: =IFERROR(MID(표3[[#This Row],[주소]], FIND(" ", 표3[[#This Row],[주소]], FIND(" ", 표3[[#This Row],[주소]])+1)+1, FIND(" ", 표3[[#This Row],[주소]], FIND(" ", 표3[[#This Row],[주소]], FIND(" ", 표3[[#This Row],[주소]])+1)+1) - FIND(" ", 표3[[#This Row],[주소]], FIND(" ", 표3[[#This Row],[주소]])+1)-1),"") | CD56: =표3[[#This Row],[종전추정가액]]*1.5219 -> 0
B57: 37 | C57: 28 | D57: 6 | E57: 다세대1 | F57: 201 | R57: 0 | S57: 21.98 | T57: =표3[[#This Row],[편입면적]]/(SUM(표3[공부면적])) -> 0.0027461269 | W57: 39.59 | X57: 4.37 | Y57: 43.96 | AE57: {=IF(표3[[#This Row],[사용승인일자]]="","", IFERROR( _xlfn.IFS( AND(ISNUMBER(SEARCH("공동",표3[[#This Row],[주용도]])), ISNUMBER(SEARCH("철",표3[[#This Row],[주구조]])), 표3[[#This Row],[건물연령]]>=30), "O", AND(ISNUMBER(SEARCH("공동",표3[[#This Row],[주용도]])), COUNTIF(표3[[#This Row],[주구조]],"<>*철*"), 표3[[#This Row],[건물연령]]>=20), "O", AND(COUNTIF(표3[[#This Row],[주용도]],"<>*공동*"), COUNTIF(표3[[#This Row],[주용도]],"<>*단독*"), ISNUMBER(SEARCH("철",표3[[#This Row],[주구조]])), 표3[[#This Row],[건물연령]]>=30), "O", AND(COUNTIF(표3[[#This Row],[주용도]],"<>*공동*"), COUNTIF(표3[[#This Row],[주구조]],"<>*철*"), 표3[[#This Row],[건물연령]]>=20), "O", AND(COUNTIF(표3[[#This Row],[주용도]],"<>*공동*"), ISNUMBER(SEARCH("주택",표3[[#This Row],[주용도]])), 표3[[#This Row],[건물연령]]>=20), "O" ), "") )} | AG57: 철근콘크리트구조 | AI57: 공동주택 | AO57: 황재곤 | AP57: 1097237677 | AR57: 61 | AS57: =IF( OR(표3[[#This Row],[생년월일]]="", ISBLANK(표3[[#This Row],[생년월일]])), "", IFERROR( _xlfn.LET( _xlpm.y, VALUE(표3[[#This Row],[생년월일]]), _xlpm.yyyy, IF(_xlpm.y<100, IF(_xlpm.y>25, 1900+_xlpm.y, 2000+_xlpm.y), _xlpm.y), _xlpm.age, YEAR(TODAY())-_xlpm.yyyy, IF( _xlpm.age<40,"40대 미만", IF(_xlpm.age<50,"40대", IF(_xlpm.age<60,"50대", IF(_xlpm.age<70,"60대", IF(_xlpm.age<80,"70대","80대 이상") )))) ), "") ) -> 60대 | AT57: 서울특별시 송파구 동남로 160, 13동 401호(문정동,현대아파트) | AU57: 근생주택 | AW57: =IF(COUNTIF('설명회 참석자 명부'!$W$4:$W$29,표3[[#This Row],[성 명]])>0,"O","") | AX57: =_xlfn.XLOOKUP(표3[[#This Row],[성 명]],'설명회 참석자 명부'!$W$4:$W$29,'설명회 참석자 명부'!$X$4:$X$29,"") | BK57: =IFERROR(LEFT(표3[[#This Row],[주소]],FIND(" ",표3[[#This Row],[주소]])-1),"") -> 서울특별시 | BL57: =IFERROR(MID(표3[[#This Row],[주소]], FIND(" ", 표3[[#This Row],[주소]])+1, FIND(" ", 표3[[#This Row],[주소]], FIND(" ", 표3[[#This Row],[주소]])+1) - FIND(" ", 표3[[#This Row],[주소]])-1),"") -> 송파구 | BM57: =IFERROR(MID(표3[[#This Row],[주소]], FIND(" ", 표3[[#This Row],[주소]], FIND(" ", 표3[[#This Row],[주소]])+1)+1, FIND(" ", 표3[[#This Row],[주소]], FIND(" ", 표3[[#This Row],[주소]], FIND(" ", 표3[[#This Row],[주소]])+1)+1) - FIND(" ", 표3[[#This Row],[주소]], FIND(" ", 표3[[#This Row],[주소]])+1)-1),"") -> 동남로 | BY57: 근린생활시설 | BZ57: 39.59 | CA57: 21.98 | CB57: 199000000 | CC57: 199000000 | CD57: =표3[[#This Row],[종전추정가액]]*1.5219 -> 302858100
B58: 38 | C58: 28 | D58: 6 | E58: 다세대1 | F58: 202 | K58: O | L58: O | M58: O | P58: [2026.04.16 17:57] 최광식 부사장: 4/16 동의서 제출 완료(로데오 공인) + 꽃집(이분례사장)이 같이 참석함. | R58: 0 | S58: 33.048 | T58: =표3[[#This Row],[편입면적]]/(SUM(표3[공부면적])) -> 0.0041289355 | W58: 59.52 | X58: 6.57 | Y58: 66.09 | AE58: {=IF(표3[[#This Row],[사용승인일자]]="","", IFERROR( _xlfn.IFS( AND(ISNUMBER(SEARCH("공동",표3[[#This Row],[주용도]])), ISNUMBER(SEARCH("철",표3[[#This Row],[주구조]])), 표3[[#This Row],[건물연령]]>=30), "O", AND(ISNUMBER(SEARCH("공동",표3[[#This Row],[주용도]])), COUNTIF(표3[[#This Row],[주구조]],"<>*철*"), 표3[[#This Row],[건물연령]]>=20), "O", AND(COUNTIF(표3[[#This Row],[주용도]],"<>*공동*"), COUNTIF(표3[[#This Row],[주용도]],"<>*단독*"), ISNUMBER(SEARCH("철",표3[[#This Row],[주구조]])), 표3[[#This Row],[건물연령]]>=30), "O", AND(COUNTIF(표3[[#This Row],[주용도]],"<>*공동*"), COUNTIF(표3[[#This Row],[주구조]],"<>*철*"), 표3[[#This Row],[건물연령]]>=20), "O", AND(COUNTIF(표3[[#This Row],[주용도]],"<>*공동*"), ISNUMBER(SEARCH("주택",표3[[#This Row],[주용도]])), 표3[[#This Row],[건물연령]]>=20), "O" ), "") )} | AG58: 철근콘크리트구조 | AI58: 공동주택 | AO58: 김인숙 | AR58: 60 | AS58: =IF( OR(표3[[#This Row],[생년월일]]="", ISBLANK(표3[[#This Row],[생년월일]])), "", IFERROR( _xlfn.LET( _xlpm.y, VALUE(표3[[#This Row],[생년월일]]), _xlpm.yyyy, IF(_xlpm.y<100, IF(_xlpm.y>25, 1900+_xlpm.y, 2000+_xlpm.y), _xlpm.y), _xlpm.age, YEAR(TODAY())-_xlpm.yyyy, IF( _xlpm.age<40,"40대 미만", IF(_xlpm.age<50,"40대", IF(_xlpm.age<60,"50대", IF(_xlpm.age<70,"60대", IF(_xlpm.age<80,"70대","80대 이상") )))) ), "") ) -> 60대 | AT58: 서울특별시 송파구 송이로28길 4-11, 101호(문정동) | AW58: =IF(COUNTIF('설명회 참석자 명부'!$W$4:$W$29,표3[[#This Row],[성 명]])>0,"O","") | AX58: =_xlfn.XLOOKUP(표3[[#This Row],[성 명]],'설명회 참석자 명부'!$W$4:$W$29,'설명회 참석자 명부'!$X$4:$X$29,"") | BK58: =IFERROR(LEFT(표3[[#This Row],[주소]],FIND(" ",표3[[#This Row],[주소]])-1),"") -> 서울특별시 | BL58: =IFERROR(MID(표3[[#This Row],[주소]], FIND(" ", 표3[[#This Row],[주소]])+1, FIND(" ", 표3[[#This Row],[주소]], FIND(" ", 표3[[#This Row],[주소]])+1) - FIND(" ", 표3[[#This Row],[주소]])-1),"") -> 송파구 | BM58: =IFERROR(MID(표3[[#This Row],[주소]], FIND(" ", 표3[[#This Row],[주소]], FIND(" ", 표3[[#This Row],[주소]])+1)+1, FIND(" ", 표3[[#This Row],[주소]], FIND(" ", 표3[[#This Row],[주소]], FIND(" ", 표3[[#This Row],[주소]])+1)+1) - FIND(" ", 표3[[#This Row],[주소]], FIND(" ", 표3[[#This Row],[주소]])+1)-1),"") -> 송이로28길 | BY58: 근린생활시설 | BZ58: 59.52 | CA58: 38.7 | CB58: 328000000 | CC58: 328000000 | CD58: =표3[[#This Row],[종전추정가액]]*1.5219 -> 499183200
B59: 39 | C59: 28 | D59: 6 | E59: 다세대1 | F59: 203 | R59: 0 | S59: 33.048 | T59: =표3[[#This Row],[편입면적]]/(SUM(표3[공부면적])) -> 0.0041289355 | W59: 59.52 | X59: 6.57 | Y59: 66.09 | AE59: {=IF(표3[[#This Row],[사용승인일자]]="","", IFERROR( _xlfn.IFS( AND(ISNUMBER(SEARCH("공동",표3[[#This Row],[주용도]])), ISNUMBER(SEARCH("철",표3[[#This Row],[주구조]])), 표3[[#This Row],[건물연령]]>=30), "O", AND(ISNUMBER(SEARCH("공동",표3[[#This Row],[주용도]])), COUNTIF(표3[[#This Row],[주구조]],"<>*철*"), 표3[[#This Row],[건물연령]]>=20), "O", AND(COUNTIF(표3[[#This Row],[주용도]],"<>*공동*"), COUNTIF(표3[[#This Row],[주용도]],"<>*단독*"), ISNUMBER(SEARCH("철",표3[[#This Row],[주구조]])), 표3[[#This Row],[건물연령]]>=30), "O", AND(COUNTIF(표3[[#This Row],[주용도]],"<>*공동*"), COUNTIF(표3[[#This Row],[주구조]],"<>*철*"), 표3[[#This Row],[건물연령]]>=20), "O", AND(COUNTIF(표3[[#This Row],[주용도]],"<>*공동*"), ISNUMBER(SEARCH("주택",표3[[#This Row],[주용도]])), 표3[[#This Row],[건물연령]]>=20), "O" ), "") )} | AG59: 철근콘크리트구조 | AI59: 공동주택 | AO59: 이호연 | AP59: 010-6360-7471 010-8599-7471 | AR59: 64 | AS59: =IF( OR(표3[[#This Row],[생년월일]]="", ISBLANK(표3[[#This Row],[생년월일]])), "", IFERROR( _xlfn.LET( _xlpm.y, VALUE(표3[[#This Row],[생년월일]]), _xlpm.yyyy, IF(_xlpm.y<100, IF(_xlpm.y>25, 1900+_xlpm.y, 2000+_xlpm.y), _xlpm.y), _xlpm.age, YEAR(TODAY())-_xlpm.yyyy, IF( _xlpm.age<40,"40대 미만", IF(_xlpm.age<50,"40대", IF(_xlpm.age<60,"50대", IF(_xlpm.age<70,"60대", IF(_xlpm.age<80,"70대","80대 이상") )))) ), "") ) -> 60대 | AT59: 서울특별시 송파구 문정로 83, 113동102호(문정동, 문정래미안아파트) | AU59: 근생주택 | AW59: =IF(COUNTIF('설명회 참석자 명부'!$W$4:$W$29,표3[[#This Row],[성 명]])>0,"O","") | AX59: =_xlfn.XLOOKUP(표3[[#This Row],[성 명]],'설명회 참석자 명부'!$W$4:$W$29,'설명회 참석자 명부'!$X$4:$X$29,"") | BK59: =IFERROR(LEFT(표3[[#This Row],[주소]],FIND(" ",표3[[#This Row],[주소]])-1),"") -> 서울특별시 | BL59: =IFERROR(MID(표3[[#This Row],[주소]], FIND(" ", 표3[[#This Row],[주소]])+1, FIND(" ", 표3[[#This Row],[주소]], FIND(" ", 표3[[#This Row],[주소]])+1) - FIND(" ", 표3[[#This Row],[주소]])-1),"") -> 송파구 | BM59: =IFERROR(MID(표3[[#This Row],[주소]], FIND(" ", 표3[[#This Row],[주소]], FIND(" ", 표3[[#This Row],[주소]])+1)+1, FIND(" ", 표3[[#This Row],[주소]], FIND(" ", 표3[[#This Row],[주소]], FIND(" ", 표3[[#This Row],[주소]])+1)+1) - FIND(" ", 표3[[#This Row],[주소]], FIND(" ", 표3[[#This Row],[주소]])+1)-1),"") -> 문정로 | BY59: 근린생활시설 | BZ59: 59.52 | CA59: 33.04 | CB59: 299000000 | CC59: 299000000 | CD59: =표3[[#This Row],[종전추정가액]]*1.5219 -> 455048100
B60: 39 | C60: 28 | D60: 6 | E60: 다세대1 | F60: 204 | R60: 0 | S60: 21.982 | T60: =표3[[#This Row],[편입면적]]/(SUM(표3[공부면적])) -> 0.0027463768 | W60: 39.59 | X60: 4.37 | Y60: 43.96 | AE60: {=IF(표3[[#This Row],[사용승인일자]]="","", IFERROR( _xlfn.IFS( AND(ISNUMBER(SEARCH("공동",표3[[#This Row],[주용도]])), ISNUMBER(SEARCH("철",표3[[#This Row],[주구조]])), 표3[[#This Row],[건물연령]]>=30), "O", AND(ISNUMBER(SEARCH("공동",표3[[#This Row],[주용도]])), COUNTIF(표3[[#This Row],[주구조]],"<>*철*"), 표3[[#This Row],[건물연령]]>=20), "O", AND(COUNTIF(표3[[#This Row],[주용도]],"<>*공동*"), COUNTIF(표3[[#This Row],[주용도]],"<>*단독*"), ISNUMBER(SEARCH("철",표3[[#This Row],[주구조]])), 표3[[#This Row],[건물연령]]>=30), "O", AND(COUNTIF(표3[[#This Row],[주용도]],"<>*공동*"), COUNTIF(표3[[#This Row],[주구조]],"<>*철*"), 표3[[#This Row],[건물연령]]>=20), "O", AND(COUNTIF(표3[[#This Row],[주용도]],"<>*공동*"), ISNUMBER(SEARCH("주택",표3[[#This Row],[주용도]])), 표3[[#This Row],[건물연령]]>=20), "O" ), "") )} | AG60: 철근콘크리트구조 | AI60: 공동주택 | AO60: 이호연 | AP60: 1063607471 | AR60: 64 | AS60: =IF( OR(표3[[#This Row],[생년월일]]="", ISBLANK(표3[[#This Row],[생년월일]])), "", IFERROR( _xlfn.LET( _xlpm.y, VALUE(표3[[#This Row],[생년월일]]), _xlpm.yyyy, IF(_xlpm.y<100, IF(_xlpm.y>25, 1900+_xlpm.y, 2000+_xlpm.y), _xlpm.y), _xlpm.age, YEAR(TODAY())-_xlpm.yyyy, IF( _xlpm.age<40,"40대 미만", IF(_xlpm.age<50,"40대", IF(_xlpm.age<60,"50대", IF(_xlpm.age<70,"60대", IF(_xlpm.age<80,"70대","80대 이상") )))) ), "") ) -> 60대 | AT60: 서울특별시 송파구 문정로 83, 113동102호(문정동, 문정래미안아파트) | AW60: =IF(COUNTIF('설명회 참석자 명부'!$W$4:$W$29,표3[[#This Row],[성 명]])>0,"O","") | AX60: =_xlfn.XLOOKUP(표3[[#This Row],[성 명]],'설명회 참석자 명부'!$W$4:$W$29,'설명회 참석자 명부'!$X$4:$X$29,"") | BK60: =IFERROR(LEFT(표3[[#This Row],[주소]],FIND(" ",표3[[#This Row],[주소]])-1),"") -> 서울특별시 | BL60: =IFERROR(MID(표3[[#This Row],[주소]], FIND(" ", 표3[[#This Row],[주소]])+1, FIND(" ", 표3[[#This Row],[주소]], FIND(" ", 표3[[#This Row],[주소]])+1) - FIND(" ", 표3[[#This Row],[주소]])-1),"") -> 송파구 | BM60: =IFERROR(MID(표3[[#This Row],[주소]], FIND(" ", 표3[[#This Row],[주소]], FIND(" ", 표3[[#This Row],[주소]])+1)+1, FIND(" ", 표3[[#This Row],[주소]], FIND(" ", 표3[[#This Row],[주소]], FIND(" ", 표3[[#This Row],[주소]])+1)+1) - FIND(" ", 표3[[#This Row],[주소]], FIND(" ", 표3[[#This Row],[주소]])+1)-1),"") -> 문정로 | BY60: 근린생활시설 | BZ60: 39.59 | CA60: 21.98 | CB60: 199000000 | CC60: 199000000 | CD60: =표3[[#This Row],[종전추정가액]]*1.5219 -> 302858100
B61: 40 | C61: 28 | D61: 6 | E61: 다세대1 | F61: 301 | R61: 0 | S61: 21.982 | T61: =표3[[#This Row],[편입면적]]/(SUM(표3[공부면적])) -> 0.0027463768 | W61: 23.18 | X61: 39.59 | Y61: 62.77 | AE61: {=IF(표3[[#This Row],[사용승인일자]]="","", IFERROR( _xlfn.IFS( AND(ISNUMBER(SEARCH("공동",표3[[#This Row],[주용도]])), ISNUMBER(SEARCH("철",표3[[#This Row],[주구조]])), 표3[[#This Row],[건물연령]]>=30), "O", AND(ISNUMBER(SEARCH("공동",표3[[#This Row],[주용도]])), COUNTIF(표3[[#This Row],[주구조]],"<>*철*"), 표3[[#This Row],[건물연령]]>=20), "O", AND(COUNTIF(표3[[#This Row],[주용도]],"<>*공동*"), COUNTIF(표3[[#This Row],[주용도]],"<>*단독*"), ISNUMBER(SEARCH("철",표3[[#This Row],[주구조]])), 표3[[#This Row],[건물연령]]>=30), "O", AND(COUNTIF(표3[[#This Row],[주용도]],"<>*공동*"), COUNTIF(표3[[#This Row],[주구조]],"<>*철*"), 표3[[#This Row],[건물연령]]>=20), "O", AND(COUNTIF(표3[[#This Row],[주용도]],"<>*공동*"), ISNUMBER(SEARCH("주택",표3[[#This Row],[주용도]])), 표3[[#This Row],[건물연령]]>=20), "O" ), "") )} | AG61: 철근콘크리트구조 | AI61: 공동주택 | AO61: 안남희 | AP61: 1045934288 | AR61: 88 | AS61: =IF( OR(표3[[#This Row],[생년월일]]="", ISBLANK(표3[[#This Row],[생년월일]])), "", IFERROR( _xlfn.LET( _xlpm.y, VALUE(표3[[#This Row],[생년월일]]), _xlpm.yyyy, IF(_xlpm.y<100, IF(_xlpm.y>25, 1900+_xlpm.y, 2000+_xlpm.y), _xlpm.y), _xlpm.age, YEAR(TODAY())-_xlpm.yyyy, IF( _xlpm.age<40,"40대 미만", IF(_xlpm.age<50,"40대", IF(_xlpm.age<60,"50대", IF(_xlpm.age<70,"60대", IF(_xlpm.age<80,"70대","80대 이상") )))) ), "") ) -> 40대 미만 | AT61: 서울특별시 송파구 동남로6길 3-14, 501호 (문정동) | AW61: =IF(COUNTIF('설명회 참석자 명부'!$W$4:$W$29,표3[[#This Row],[성 명]])>0,"O","") | AX61: =_xlfn.XLOOKUP(표3[[#This Row],[성 명]],'설명회 참석자 명부'!$W$4:$W$29,'설명회 참석자 명부'!$X$4:$X$29,"") | BA61: O | BK61: =IFERROR(LEFT(표3[[#This Row],[주소]],FIND(" ",표3[[#This Row],[주소]])-1),"") -> 서울특별시 | BL61: =IFERROR(MID(표3[[#This Row],[주소]], FIND(" ", 표3[[#This Row],[주소]])+1, FIND(" ", 표3[[#This Row],[주소]], FIND(" ", 표3[[#This Row],[주소]])+1) - FIND(" ", 표3[[#This Row],[주소]])-1),"") -> 송파구 | BM61: =IFERROR(MID(표3[[#This Row],[주소]], FIND(" ", 표3[[#This Row],[주소]], FIND(" ", 표3[[#This Row],[주소]])+1)+1, FIND(" ", 표3[[#This Row],[주소]], FIND(" ", 표3[[#This Row],[주소]], FIND(" ", 표3[[#This Row],[주소]])+1)+1) - FIND(" ", 표3[[#This Row],[주소]], FIND(" ", 표3[[#This Row],[주소]])+1)-1),"") -> 동남로6길 | BY61: 다세대 | BZ61: 62.77 | CA61: 21.98 | CB61: 399000000 | CC61: 399000000 | CD61: =표3[[#This Row],[종전추정가액]]*1.5219 -> 607238100
B62: 41 | C62: 28 | D62: 6 | E62: 다세대1 | F62: 302 | R62: 0 | S62: 33.048 | T62: =표3[[#This Row],[편입면적]]/(SUM(표3[공부면적])) -> 0.0041289355 | W62: 59.52 | X62: 6.57 | Y62: 66.09 | AE62: {=IF(표3[[#This Row],[사용승인일자]]="","", IFERROR( _xlfn.IFS( AND(ISNUMBER(SEARCH("공동",표3[[#This Row],[주용도]])), ISNUMBER(SEARCH("철",표3[[#This Row],[주구조]])), 표3[[#This Row],[건물연령]]>=30), "O", AND(ISNUMBER(SEARCH("공동",표3[[#This Row],[주용도]])), COUNTIF(표3[[#This Row],[주구조]],"<>*철*"), 표3[[#This Row],[건물연령]]>=20), "O", AND(COUNTIF(표3[[#This Row],[주용도]],"<>*공동*"), COUNTIF(표3[[#This Row],[주용도]],"<>*단독*"), ISNUMBER(SEARCH("철",표3[[#This Row],[주구조]])), 표3[[#This Row],[건물연령]]>=30), "O", AND(COUNTIF(표3[[#This Row],[주용도]],"<>*공동*"), COUNTIF(표3[[#This Row],[주구조]],"<>*철*"), 표3[[#This Row],[건물연령]]>=20), "O", AND(COUNTIF(표3[[#This Row],[주용도]],"<>*공동*"), ISNUMBER(SEARCH("주택",표3[[#This Row],[주용도]])), 표3[[#This Row],[건물연령]]>=20), "O" ), "") )} | AG62: 철근콘크리트구조 | AI62: 공동주택 | AO62: 허서준 | AP62: 1022756481 | AR62: 90 | AS62: =IF( OR(표3[[#This Row],[생년월일]]="", ISBLANK(표3[[#This Row],[생년월일]])), "", IFERROR( _xlfn.LET( _xlpm.y, VALUE(표3[[#This Row],[생년월일]]), _xlpm.yyyy, IF(_xlpm.y<100, IF(_xlpm.y>25, 1900+_xlpm.y, 2000+_xlpm.y), _xlpm.y), _xlpm.age, YEAR(TODAY())-_xlpm.yyyy, IF( _xlpm.age<40,"40대 미만", IF(_xlpm.age<50,"40대", IF(_xlpm.age<60,"50대", IF(_xlpm.age<70,"60대", IF(_xlpm.age<80,"70대","80대 이상") )))) ), "") ) -> 40대 미만 | AT62: 서울특별시 송파구 마천로43길42,301호(마천동,플랫티늄빌) | AW62: =IF(COUNTIF('설명회 참석자 명부'!$W$4:$W$29,표3[[#This Row],[성 명]])>0,"O","") | AX62: =_xlfn.XLOOKUP(표3[[#This Row],[성 명]],'설명회 참석자 명부'!$W$4:$W$29,'설명회 참석자 명부'!$X$4:$X$29,"") | BA62: O | BK62: =IFERROR(LEFT(표3[[#This Row],[주소]],FIND(" ",표3[[#This Row],[주소]])-1),"") -> 서울특별시 | BL62: =IFERROR(MID(표3[[#This Row],[주소]], FIND(" ", 표3[[#This Row],[주소]])+1, FIND(" ", 표3[[#This Row],[주소]], FIND(" ", 표3[[#This Row],[주소]])+1) - FIND(" ", 표3[[#This Row],[주소]])-1),"") -> 송파구 | BM62: =IFERROR(MID(표3[[#This Row],[주소]], FIND(" ", 표3[[#This Row],[주소]], FIND(" ", 표3[[#This Row],[주소]])+1)+1, FIND(" ", 표3[[#This Row],[주소]], FIND(" ", 표3[[#This Row],[주소]], FIND(" ", 표3[[#This Row],[주소]])+1)+1) - FIND(" ", 표3[[#This Row],[주소]], FIND(" ", 표3[[#This Row],[주소]])+1)-1),"") | BY62: 다세대 | BZ62: 59.52 | CA62: 33.04 | CB62: 477000000 | CC62: 477000000 | CD62: =표3[[#This Row],[종전추정가액]]*1.5219 -> 725946300
B63: 42 | C63: 28 | D63: 6 | E63: 다세대1 | F63: 303 | R63: 0 | S63: 33.048 | T63: =표3[[#This Row],[편입면적]]/(SUM(표3[공부면적])) -> 0.0041289355 | W63: 59.52 | X63: 6.57 | Y63: 66.09 | AE63: {=IF(표3[[#This Row],[사용승인일자]]="","", IFERROR( _xlfn.IFS( AND(ISNUMBER(SEARCH("공동",표3[[#This Row],[주용도]])), ISNUMBER(SEARCH("철",표3[[#This Row],[주구조]])), 표3[[#This Row],[건물연령]]>=30), "O", AND(ISNUMBER(SEARCH("공동",표3[[#This Row],[주용도]])), COUNTIF(표3[[#This Row],[주구조]],"<>*철*"), 표3[[#This Row],[건물연령]]>=20), "O", AND(COUNTIF(표3[[#This Row],[주용도]],"<>*공동*"), COUNTIF(표3[[#This Row],[주용도]],"<>*단독*"), ISNUMBER(SEARCH("철",표3[[#This Row],[주구조]])), 표3[[#This Row],[건물연령]]>=30), "O", AND(COUNTIF(표3[[#This Row],[주용도]],"<>*공동*"), COUNTIF(표3[[#This Row],[주구조]],"<>*철*"), 표3[[#This Row],[건물연령]]>=20), "O", AND(COUNTIF(표3[[#This Row],[주용도]],"<>*공동*"), ISNUMBER(SEARCH("주택",표3[[#This Row],[주용도]])), 표3[[#This Row],[건물연령]]>=20), "O" ), "") )} | AG63: 철근콘크리트구조 | AI63: 공동주택 | AO63: 안소정 | AR63: 89 | AS63: =IF( OR(표3[[#This Row],[생년월일]]="", ISBLANK(표3[[#This Row],[생년월일]])), "", IFERROR( _xlfn.LET( _xlpm.y, VALUE(표3[[#This Row],[생년월일]]), _xlpm.yyyy, IF(_xlpm.y<100, IF(_xlpm.y>25, 1900+_xlpm.y, 2000+_xlpm.y), _xlpm.y), _xlpm.age, YEAR(TODAY())-_xlpm.yyyy, IF( _xlpm.age<40,"40대 미만", IF(_xlpm.age<50,"40대", IF(_xlpm.age<60,"50대", IF(_xlpm.age<70,"60대", IF(_xlpm.age<80,"70대","80대 이상") )))) ), "") ) -> 40대 미만 | AT63: 서울특별시 강동구 양재대로 1560, 102동 1101호 (길동, 강동디앤써밋) | AW63: =IF(COUNTIF('설명회 참석자 명부'!$W$4:$W$29,표3[[#This Row],[성 명]])>0,"O","") | AX63: =_xlfn.XLOOKUP(표3[[#This Row],[성 명]],'설명회 참석자 명부'!$W$4:$W$29,'설명회 참석자 명부'!$X$4:$X$29,"") | BK63: =IFERROR(LEFT(표3[[#This Row],[주소]],FIND(" ",표3[[#This Row],[주소]])-1),"") -> 서울특별시 | BL63: =IFERROR(MID(표3[[#This Row],[주소]], FIND(" ", 표3[[#This Row],[주소]])+1, FIND(" ", 표3[[#This Row],[주소]], FIND(" ", 표3[[#This Row],[주소]])+1) - FIND(" ", 표3[[#This Row],[주소]])-1),"") -> 강동구 | BM63: =IFERROR(MID(표3[[#This Row],[주소]], FIND(" ", 표3[[#This Row],[주소]], FIND(" ", 표3[[#This Row],[주소]])+1)+1, FIND(" ", 표3[[#This Row],[주소]], FIND(" ", 표3[[#This Row],[주소]], FIND(" ", 표3[[#This Row],[주소]])+1)+1) - FIND(" ", 표3[[#This Row],[주소]], FIND(" ", 표3[[#This Row],[주소]])+1)-1),"") -> 양재대로 | BY63: 다세대 | BZ63: 59.52 | CA63: 33.04 | CB63: 477000000 | CC63: 477000000 | CD63: =표3[[#This Row],[종전추정가액]]*1.5219 -> 725946300
B64: 43 | C64: 28 | D64: 6 | E64: 다세대1 | F64: 304 | R64: 0 | S64: 21.982 | T64: =표3[[#This Row],[편입면적]]/(SUM(표3[공부면적])) -> 0.0027463768 | W64: 39.59 | X64: 4.37 | Y64: 43.96 | AE64: {=IF(표3[[#This Row],[사용승인일자]]="","", IFERROR( _xlfn.IFS( AND(ISNUMBER(SEARCH("공동",표3[[#This Row],[주용도]])), ISNUMBER(SEARCH("철",표3[[#This Row],[주구조]])), 표3[[#This Row],[건물연령]]>=30), "O", AND(ISNUMBER(SEARCH("공동",표3[[#This Row],[주용도]])), COUNTIF(표3[[#This Row],[주구조]],"<>*철*"), 표3[[#This Row],[건물연령]]>=20), "O", AND(COUNTIF(표3[[#This Row],[주용도]],"<>*공동*"), COUNTIF(표3[[#This Row],[주용도]],"<>*단독*"), ISNUMBER(SEARCH("철",표3[[#This Row],[주구조]])), 표3[[#This Row],[건물연령]]>=30), "O", AND(COUNTIF(표3[[#This Row],[주용도]],"<>*공동*"), COUNTIF(표3[[#This Row],[주구조]],"<>*철*"), 표3[[#This Row],[건물연령]]>=20), "O", AND(COUNTIF(표3[[#This Row],[주용도]],"<>*공동*"), ISNUMBER(SEARCH("주택",표3[[#This Row],[주용도]])), 표3[[#This Row],[건물연령]]>=20), "O" ), "") )} | AG64: 철근콘크리트구조 | AI64: 공동주택 | AO64: 최에스터혜옥 | AR64: 59 | AS64: =IF( OR(표3[[#This Row],[생년월일]]="", ISBLANK(표3[[#This Row],[생년월일]])), "", IFERROR( _xlfn.LET( _xlpm.y, VALUE(표3[[#This Row],[생년월일]]), _xlpm.yyyy, IF(_xlpm.y<100, IF(_xlpm.y>25, 1900+_xlpm.y, 2000+_xlpm.y), _xlpm.y), _xlpm.age, YEAR(TODAY())-_xlpm.yyyy, IF( _xlpm.age<40,"40대 미만", IF(_xlpm.age<50,"40대", IF(_xlpm.age<60,"50대", IF(_xlpm.age<70,"60대", IF(_xlpm.age<80,"70대","80대 이상") )))) ), "") ) -> 60대 | AT64: 미합중국 펜실베니아주 19438 콘티넨탈 드라이브 할리스빌 105 | AW64: =IF(COUNTIF('설명회 참석자 명부'!$W$4:$W$29,표3[[#This Row],[성 명]])>0,"O","") -> O | AX64: =_xlfn.XLOOKUP(표3[[#This Row],[성 명]],'설명회 참석자 명부'!$W$4:$W$29,'설명회 참석자 명부'!$X$4:$X$29,"") -> 해외 | BK64: =IFERROR(LEFT(표3[[#This Row],[주소]],FIND(" ",표3[[#This Row],[주소]])-1),"") -> 미합중국 | BL64: =IFERROR(MID(표3[[#This Row],[주소]], FIND(" ", 표3[[#This Row],[주소]])+1, FIND(" ", 표3[[#This Row],[주소]], FIND(" ", 표3[[#This Row],[주소]])+1) - FIND(" ", 표3[[#This Row],[주소]])-1),"") -> 펜실베니아주 | BM64: =IFERROR(MID(표3[[#This Row],[주소]], FIND(" ", 표3[[#This Row],[주소]], FIND(" ", 표3[[#This Row],[주소]])+1)+1, FIND(" ", 표3[[#This Row],[주소]], FIND(" ", 표3[[#This Row],[주소]], FIND(" ", 표3[[#This Row],[주소]])+1)+1) - FIND(" ", 표3[[#This Row],[주소]], FIND(" ", 표3[[#This Row],[주소]])+1)-1),"") -> 19438 | BY64: 다세대 | BZ64: 39.59 | CA64: 21.98 | CB64: 317000000 | CC64: 317000000 | CD64: =표3[[#This Row],[종전추정가액]]*1.5219 -> 482442300
B65: 44 | C65: 28 | D65: 6 | E65: 다세대1 | F65: 401 | R65: 0 | S65: 21.982 | T65: =표3[[#This Row],[편입면적]]/(SUM(표3[공부면적])) -> 0.0027463768 | W65: 39.59 | X65: 4.37 | Y65: 43.96 | AE65: {=IF(표3[[#This Row],[사용승인일자]]="","", IFERROR( _xlfn.IFS( AND(ISNUMBER(SEARCH("공동",표3[[#This Row],[주용도]])), ISNUMBER(SEARCH("철",표3[[#This Row],[주구조]])), 표3[[#This Row],[건물연령]]>=30), "O", AND(ISNUMBER(SEARCH("공동",표3[[#This Row],[주용도]])), COUNTIF(표3[[#This Row],[주구조]],"<>*철*"), 표3[[#This Row],[건물연령]]>=20), "O", AND(COUNTIF(표3[[#This Row],[주용도]],"<>*공동*"), COUNTIF(표3[[#This Row],[주용도]],"<>*단독*"), ISNUMBER(SEARCH("철",표3[[#This Row],[주구조]])), 표3[[#This Row],[건물연령]]>=30), "O", AND(COUNTIF(표3[[#This Row],[주용도]],"<>*공동*"), COUNTIF(표3[[#This Row],[주구조]],"<>*철*"), 표3[[#This Row],[건물연령]]>=20), "O", AND(COUNTIF(표3[[#This Row],[주용도]],"<>*공동*"), ISNUMBER(SEARCH("주택",표3[[#This Row],[주용도]])), 표3[[#This Row],[건물연령]]>=20), "O" ), "") )} | AG65: 철근콘크리트구조 | AI65: 공동주택 | AO65: 강민희 | AR65: 81 | AS65: =IF( OR(표3[[#This Row],[생년월일]]="", ISBLANK(표3[[#This Row],[생년월일]])), "", IFERROR( _xlfn.LET( _xlpm.y, VALUE(표3[[#This Row],[생년월일]]), _xlpm.yyyy, IF(_xlpm.y<100, IF(_xlpm.y>25, 1900+_xlpm.y, 2000+_xlpm.y), _xlpm.y), _xlpm.age, YEAR(TODAY())-_xlpm.yyyy, IF( _xlpm.age<40,"40대 미만", IF(_xlpm.age<50,"40대", IF(_xlpm.age<60,"50대", IF(_xlpm.age<70,"60대", IF(_xlpm.age<80,"70대","80대 이상") )))) ), "") ) -> 40대 | AT65: 서울특별시 송파구 동남로8길 30-28, 202호(문정동) | AW65: =IF(COUNTIF('설명회 참석자 명부'!$W$4:$W$29,표3[[#This Row],[성 명]])>0,"O","") | AX65: =_xlfn.XLOOKUP(표3[[#This Row],[성 명]],'설명회 참석자 명부'!$W$4:$W$29,'설명회 참석자 명부'!$X$4:$X$29,"") | BK65: =IFERROR(LEFT(표3[[#This Row],[주소]],FIND(" ",표3[[#This Row],[주소]])-1),"") -> 서울특별시 | BL65: =IFERROR(MID(표3[[#This Row],[주소]], FIND(" ", 표3[[#This Row],[주소]])+1, FIND(" ", 표3[[#This Row],[주소]], FIND(" ", 표3[[#This Row],[주소]])+1) - FIND(" ", 표3[[#This Row],[주소]])-1),"") -> 송파구 | BM65: =IFERROR(MID(표3[[#This Row],[주소]], FIND(" ", 표3[[#This Row],[주소]], FIND(" ", 표3[[#This Row],[주소]])+1)+1, FIND(" ", 표3[[#This Row],[주소]], FIND(" ", 표3[[#This Row],[주소]], FIND(" ", 표3[[#This Row],[주소]])+1)+1) - FIND(" ", 표3[[#This Row],[주소]], FIND(" ", 표3[[#This Row],[주소]])+1)-1),"") -> 동남로8길 | BY65: 다세대 | BZ65: 39.59 | CA65: 21.98 | CB65: 317000000 | CC65: 317000000 | CD65: =표3[[#This Row],[종전추정가액]]*1.5219 -> 482442300
B66: 45 | C66: 28 | D66: 6 | E66: 다세대1 | F66: 402 | R66: 0 | S66: 33.048 | T66: =표3[[#This Row],[편입면적]]/(SUM(표3[공부면적])) -> 0.0041289355 | W66: 59.52 | X66: 6.57 | Y66: 66.09 | AE66: {=IF(표3[[#This Row],[사용승인일자]]="","", IFERROR( _xlfn.IFS( AND(ISNUMBER(SEARCH("공동",표3[[#This Row],[주용도]])), ISNUMBER(SEARCH("철",표3[[#This Row],[주구조]])), 표3[[#This Row],[건물연령]]>=30), "O", AND(ISNUMBER(SEARCH("공동",표3[[#This Row],[주용도]])), COUNTIF(표3[[#This Row],[주구조]],"<>*철*"), 표3[[#This Row],[건물연령]]>=20), "O", AND(COUNTIF(표3[[#This Row],[주용도]],"<>*공동*"), COUNTIF(표3[[#This Row],[주용도]],"<>*단독*"), ISNUMBER(SEARCH("철",표3[[#This Row],[주구조]])), 표3[[#This Row],[건물연령]]>=30), "O", AND(COUNTIF(표3[[#This Row],[주용도]],"<>*공동*"), COUNTIF(표3[[#This Row],[주구조]],"<>*철*"), 표3[[#This Row],[건물연령]]>=20), "O", AND(COUNTIF(표3[[#This Row],[주용도]],"<>*공동*"), ISNUMBER(SEARCH("주택",표3[[#This Row],[주용도]])), 표3[[#This Row],[건물연령]]>=20), "O" ), "") )} | AG66: 철근콘크리트구조 | AI66: 공동주택 | AO66: 김미영 | AR66: 75 | AS66: =IF( OR(표3[[#This Row],[생년월일]]="", ISBLANK(표3[[#This Row],[생년월일]])), "", IFERROR( _xlfn.LET( _xlpm.y, VALUE(표3[[#This Row],[생년월일]]), _xlpm.yyyy, IF(_xlpm.y<100, IF(_xlpm.y>25, 1900+_xlpm.y, 2000+_xlpm.y), _xlpm.y), _xlpm.age, YEAR(TODAY())-_xlpm.yyyy, IF( _xlpm.age<40,"40대 미만", IF(_xlpm.age<50,"40대", IF(_xlpm.age<60,"50대", IF(_xlpm.age<70,"60대", IF(_xlpm.age<80,"70대","80대 이상") )))) ), "") ) -> 50대 | AT66: 서울특별시 송파구 송이로 240, 102동 202호 (문정동,드림팰리스) | AW66: =IF(COUNTIF('설명회 참석자 명부'!$W$4:$W$29,표3[[#This Row],[성 명]])>0,"O","") | AX66: =_xlfn.XLOOKUP(표3[[#This Row],[성 명]],'설명회 참석자 명부'!$W$4:$W$29,'설명회 참석자 명부'!$X$4:$X$29,"") | BK66: =IFERROR(LEFT(표3[[#This Row],[주소]],FIND(" ",표3[[#This Row],[주소]])-1),"") -> 서울특별시 | BL66: =IFERROR(MID(표3[[#This Row],[주소]], FIND(" ", 표3[[#This Row],[주소]])+1, FIND(" ", 표3[[#This Row],[주소]], FIND(" ", 표3[[#This Row],[주소]])+1) - FIND(" ", 표3[[#This Row],[주소]])-1),"") -> 송파구 | BM66: =IFERROR(MID(표3[[#This Row],[주소]], FIND(" ", 표3[[#This Row],[주소]], FIND(" ", 표3[[#This Row],[주소]])+1)+1, FIND(" ", 표3[[#This Row],[주소]], FIND(" ", 표3[[#This Row],[주소]], FIND(" ", 표3[[#This Row],[주소]])+1)+1) - FIND(" ", 표3[[#This Row],[주소]], FIND(" ", 표3[[#This Row],[주소]])+1)-1),"") -> 송이로 | BY66: 다세대 | BZ66: 59.52 | CA66: 33.04 | CB66: 477000000 | CC66: 477000000 | CD66: =표3[[#This Row],[종전추정가액]]*1.5219 -> 725946300
B67: 46 | C67: 28 | D67: 6 | E67: 다세대1 | F67: 403 | R67: 0 | S67: 34.011 | T67: =표3[[#This Row],[편입면적]]/(SUM(표3[공부면적])) -> 0.0042492504 | W67: 59.64 | X67: 6.58 | Y67: 66.22 | AE67: {=IF(표3[[#This Row],[사용승인일자]]="","", IFERROR( _xlfn.IFS( AND(ISNUMBER(SEARCH("공동",표3[[#This Row],[주용도]])), ISNUMBER(SEARCH("철",표3[[#This Row],[주구조]])), 표3[[#This Row],[건물연령]]>=30), "O", AND(ISNUMBER(SEARCH("공동",표3[[#This Row],[주용도]])), COUNTIF(표3[[#This Row],[주구조]],"<>*철*"), 표3[[#This Row],[건물연령]]>=20), "O", AND(COUNTIF(표3[[#This Row],[주용도]],"<>*공동*"), COUNTIF(표3[[#This Row],[주용도]],"<>*단독*"), ISNUMBER(SEARCH("철",표3[[#This Row],[주구조]])), 표3[[#This Row],[건물연령]]>=30), "O", AND(COUNTIF(표3[[#This Row],[주용도]],"<>*공동*"), COUNTIF(표3[[#This Row],[주구조]],"<>*철*"), 표3[[#This Row],[건물연령]]>=20), "O", AND(COUNTIF(표3[[#This Row],[주용도]],"<>*공동*"), ISNUMBER(SEARCH("주택",표3[[#This Row],[주용도]])), 표3[[#This Row],[건물연령]]>=20), "O" ), "") )} | AG67: 철근콘크리트구조 | AI67: 공동주택 | AO67: 김법균 | AR67: 69 | AS67: =IF( OR(표3[[#This Row],[생년월일]]="", ISBLANK(표3[[#This Row],[생년월일]])), "", IFERROR( _xlfn.LET( _xlpm.y, VALUE(표3[[#This Row],[생년월일]]), _xlpm.yyyy, IF(_xlpm.y<100, IF(_xlpm.y>25, 1900+_xlpm.y, 2000+_xlpm.y), _xlpm.y), _xlpm.age, YEAR(TODAY())-_xlpm.yyyy, IF( _xlpm.age<40,"40대 미만", IF(_xlpm.age<50,"40대", IF(_xlpm.age<60,"50대", IF(_xlpm.age<70,"60대", IF(_xlpm.age<80,"70대","80대 이상") )))) ), "") ) -> 50대 | AT67: 서울특별시 송파구 동남로2길 10, 1층동102호(문정동) | AW67: =IF(COUNTIF('설명회 참석자 명부'!$W$4:$W$29,표3[[#This Row],[성 명]])>0,"O","") | AX67: =_xlfn.XLOOKUP(표3[[#This Row],[성 명]],'설명회 참석자 명부'!$W$4:$W$29,'설명회 참석자 명부'!$X$4:$X$29,"") | BK67: =IFERROR(LEFT(표3[[#This Row],[주소]],FIND(" ",표3[[#This Row],[주소]])-1),"") -> 서울특별시 | BL67: =IFERROR(MID(표3[[#This Row],[주소]], FIND(" ", 표3[[#This Row],[주소]])+1, FIND(" ", 표3[[#This Row],[주소]], FIND(" ", 표3[[#This Row],[주소]])+1) - FIND(" ", 표3[[#This Row],[주소]])-1),"") -> 송파구 | BM67: =IFERROR(MID(표3[[#This Row],[주소]], FIND(" ", 표3[[#This Row],[주소]], FIND(" ", 표3[[#This Row],[주소]])+1)+1, FIND(" ", 표3[[#This Row],[주소]], FIND(" ", 표3[[#This Row],[주소]], FIND(" ", 표3[[#This Row],[주소]])+1)+1) - FIND(" ", 표3[[#This Row],[주소]], FIND(" ", 표3[[#This Row],[주소]])+1)-1),"") -> 동남로2길 | BY67: 다세대 | BZ67: 59.64 | CA67: 34.01 | CB67: 485000000 | CC67: 485000000 | CD67: =표3[[#This Row],[종전추정가액]]*1.5219 -> 738121500
B68: 47 | C68: 28 | D68: 6 | E68: 다세대1 | F68: 404 | R68: 0 | S68: 21.982 | T68: =표3[[#This Row],[편입면적]]/(SUM(표3[공부면적])) -> 0.0027463768 | W68: 39.59 | X68: 4.37 | Y68: 43.96 | AE68: {=IF(표3[[#This Row],[사용승인일자]]="","", IFERROR( _xlfn.IFS( AND(ISNUMBER(SEARCH("공동",표3[[#This Row],[주용도]])), ISNUMBER(SEARCH("철",표3[[#This Row],[주구조]])), 표3[[#This Row],[건물연령]]>=30), "O", AND(ISNUMBER(SEARCH("공동",표3[[#This Row],[주용도]])), COUNTIF(표3[[#This Row],[주구조]],"<>*철*"), 표3[[#This Row],[건물연령]]>=20), "O", AND(COUNTIF(표3[[#This Row],[주용도]],"<>*공동*"), COUNTIF(표3[[#This Row],[주용도]],"<>*단독*"), ISNUMBER(SEARCH("철",표3[[#This Row],[주구조]])), 표3[[#This Row],[건물연령]]>=30), "O", AND(COUNTIF(표3[[#This Row],[주용도]],"<>*공동*"), COUNTIF(표3[[#This Row],[주구조]],"<>*철*"), 표3[[#This Row],[건물연령]]>=20), "O", AND(COUNTIF(표3[[#This Row],[주용도]],"<>*공동*"), ISNUMBER(SEARCH("주택",표3[[#This Row],[주용도]])), 표3[[#This Row],[건물연령]]>=20), "O" ), "") )} | AG68: 철근콘크리트구조 | AI68: 공동주택 | AO68: 허광삼 | AR68: 75 | AS68: =IF( OR(표3[[#This Row],[생년월일]]="", ISBLANK(표3[[#This Row],[생년월일]])), "", IFERROR( _xlfn.LET( _xlpm.y, VALUE(표3[[#This Row],[생년월일]]), _xlpm.yyyy, IF(_xlpm.y<100, IF(_xlpm.y>25, 1900+_xlpm.y, 2000+_xlpm.y), _xlpm.y), _xlpm.age, YEAR(TODAY())-_xlpm.yyyy, IF( _xlpm.age<40,"40대 미만", IF(_xlpm.age<50,"40대", IF(_xlpm.age<60,"50대", IF(_xlpm.age<70,"60대", IF(_xlpm.age<80,"70대","80대 이상") )))) ), "") ) -> 50대 | AT68: 대구광역시 북구 복현로 173,104동1901호(복현동,복현화성타운) | AW68: =IF(COUNTIF('설명회 참석자 명부'!$W$4:$W$29,표3[[#This Row],[성 명]])>0,"O","") | AX68: =_xlfn.XLOOKUP(표3[[#This Row],[성 명]],'설명회 참석자 명부'!$W$4:$W$29,'설명회 참석자 명부'!$X$4:$X$29,"") | BK68: =IFERROR(LEFT(표3[[#This Row],[주소]],FIND(" ",표3[[#This Row],[주소]])-1),"") -> 대구광역시 | BL68: =IFERROR(MID(표3[[#This Row],[주소]], FIND(" ", 표3[[#This Row],[주소]])+1, FIND(" ", 표3[[#This Row],[주소]], FIND(" ", 표3[[#This Row],[주소]])+1) - FIND(" ", 표3[[#This Row],[주소]])-1),"") -> 북구 | BM68: =IFERROR(MID(표3[[#This Row],[주소]], FIND(" ", 표3[[#This Row],[주소]], FIND(" ", 표3[[#This Row],[주소]])+1)+1, FIND(" ", 표3[[#This Row],[주소]], FIND(" ", 표3[[#This Row],[주소]], FIND(" ", 표3[[#This Row],[주소]])+1)+1) - FIND(" ", 표3[[#This Row],[주소]], FIND(" ", 표3[[#This Row],[주소]])+1)-1),"") -> 복현로 | BY68: 다세대 | BZ68: 39.59 | CA68: 21.98 | CB68: 317000000 | CC68: 317000000 | CD68: =표3[[#This Row],[종전추정가액]]*1.5219 -> 482442300
B69: 40 | C69: 28 | D69: 6 | E69: 다세대1 | F69: 501 | R69: 0 | S69: 55.657 | T69: =표3[[#This Row],[편입면적]]/(SUM(표3[공부면적])) -> 0.0069536482 | W69: 101.77 | X69: 11.23 | Y69: 113 | AE69: {=IF(표3[[#This Row],[사용승인일자]]="","", IFERROR( _xlfn.IFS( AND(ISNUMBER(SEARCH("공동",표3[[#This Row],[주용도]])), ISNUMBER(SEARCH("철",표3[[#This Row],[주구조]])), 표3[[#This Row],[건물연령]]>=30), "O", AND(ISNUMBER(SEARCH("공동",표3[[#This Row],[주용도]])), COUNTIF(표3[[#This Row],[주구조]],"<>*철*"), 표3[[#This Row],[건물연령]]>=20), "O", AND(COUNTIF(표3[[#This Row],[주용도]],"<>*공동*"), COUNTIF(표3[[#This Row],[주용도]],"<>*단독*"), ISNUMBER(SEARCH("철",표3[[#This Row],[주구조]])), 표3[[#This Row],[건물연령]]>=30), "O", AND(COUNTIF(표3[[#This Row],[주용도]],"<>*공동*"), COUNTIF(표3[[#This Row],[주구조]],"<>*철*"), 표3[[#This Row],[건물연령]]>=20), "O", AND(COUNTIF(표3[[#This Row],[주용도]],"<>*공동*"), ISNUMBER(SEARCH("주택",표3[[#This Row],[주용도]])), 표3[[#This Row],[건물연령]]>=20), "O" ), "") )} | AG69: 철근콘크리트구조 | AI69: 공동주택 | AO69: 안남희 | AP69: 1045934288 | AR69: 88 | AS69: =IF( OR(표3[[#This Row],[생년월일]]="", ISBLANK(표3[[#This Row],[생년월일]])), "", IFERROR( _xlfn.LET( _xlpm.y, VALUE(표3[[#This Row],[생년월일]]), _xlpm.yyyy, IF(_xlpm.y<100, IF(_xlpm.y>25, 1900+_xlpm.y, 2000+_xlpm.y), _xlpm.y), _xlpm.age, YEAR(TODAY())-_xlpm.yyyy, IF( _xlpm.age<40,"40대 미만", IF(_xlpm.age<50,"40대", IF(_xlpm.age<60,"50대", IF(_xlpm.age<70,"60대", IF(_xlpm.age<80,"70대","80대 이상") )))) ), "") ) -> 40대 미만 | AT69: 서울특별시 송파구 동남로6길 3-14, 501호 (문정동) | AU69: O | AW69: =IF(COUNTIF('설명회 참석자 명부'!$W$4:$W$29,표3[[#This Row],[성 명]])>0,"O","") | AX69: =_xlfn.XLOOKUP(표3[[#This Row],[성 명]],'설명회 참석자 명부'!$W$4:$W$29,'설명회 참석자 명부'!$X$4:$X$29,"") | BB69: O | BK69: =IFERROR(LEFT(표3[[#This Row],[주소]],FIND(" ",표3[[#This Row],[주소]])-1),"") -> 서울특별시 | BL69: =IFERROR(MID(표3[[#This Row],[주소]], FIND(" ", 표3[[#This Row],[주소]])+1, FIND(" ", 표3[[#This Row],[주소]], FIND(" ", 표3[[#This Row],[주소]])+1) - FIND(" ", 표3[[#This Row],[주소]])-1),"") -> 송파구 | BM69: =IFERROR(MID(표3[[#This Row],[주소]], FIND(" ", 표3[[#This Row],[주소]], FIND(" ", 표3[[#This Row],[주소]])+1)+1, FIND(" ", 표3[[#This Row],[주소]], FIND(" ", 표3[[#This Row],[주소]], FIND(" ", 표3[[#This Row],[주소]])+1)+1) - FIND(" ", 표3[[#This Row],[주소]], FIND(" ", 표3[[#This Row],[주소]])+1)-1),"") -> 동남로6길 | BY69: 다세대 | BZ69: 101.77 | CA69: 55.65 | CB69: 809000000 | CC69: 809000000 | CD69: =표3[[#This Row],[종전추정가액]]*1.5219 -> 1231217100
C70: 28 | D70: 7 | E70: 리뉴힐 | F70: 0 | Q70: 대 | R70: 343.8 | T70: =표3[[#This Row],[편입면적]]/(SUM(표3[공부면적])) -> 0 | U70: O | Y70: 0 | Z70: 658.95 | AC70: 2011.10.21 | AD70: 14 | AE70: {=IF(표3[[#This Row],[사용승인일자]]="","", IFERROR( _xlfn.IFS( AND(ISNUMBER(SEARCH("공동",표3[[#This Row],[주용도]])), ISNUMBER(SEARCH("철",표3[[#This Row],[주구조]])), 표3[[#This Row],[건물연령]]>=30), "O", AND(ISNUMBER(SEARCH("공동",표3[[#This Row],[주용도]])), COUNTIF(표3[[#This Row],[주구조]],"<>*철*"), 표3[[#This Row],[건물연령]]>=20), "O", AND(COUNTIF(표3[[#This Row],[주용도]],"<>*공동*"), COUNTIF(표3[[#This Row],[주용도]],"<>*단독*"), ISNUMBER(SEARCH("철",표3[[#This Row],[주구조]])), 표3[[#This Row],[건물연령]]>=30), "O", AND(COUNTIF(표3[[#This Row],[주용도]],"<>*공동*"), COUNTIF(표3[[#This Row],[주구조]],"<>*철*"), 표3[[#This Row],[건물연령]]>=20), "O", AND(COUNTIF(표3[[#This Row],[주용도]],"<>*공동*"), ISNUMBER(SEARCH("주택",표3[[#This Row],[주용도]])), 표3[[#This Row],[건물연령]]>=20), "O" ), "") )} | AG70: 철근콘크리트구조 | AI70: 공동주택 | AM70: 5 | AN70: 0 | AS70: =IF( OR(표3[[#This Row],[생년월일]]="", ISBLANK(표3[[#This Row],[생년월일]])), "", IFERROR( _xlfn.LET( _xlpm.y, VALUE(표3[[#This Row],[생년월일]]), _xlpm.yyyy, IF(_xlpm.y<100, IF(_xlpm.y>25, 1900+_xlpm.y, 2000+_xlpm.y), _xlpm.y), _xlpm.age, YEAR(TODAY())-_xlpm.yyyy, IF( _xlpm.age<40,"40대 미만", IF(_xlpm.age<50,"40대", IF(_xlpm.age<60,"50대", IF(_xlpm.age<70,"60대", IF(_xlpm.age<80,"70대","80대 이상") )))) ), "") ) | AW70: =IF(COUNTIF('설명회 참석자 명부'!$W$4:$W$29,표3[[#This Row],[성 명]])>0,"O","") | AX70: =_xlfn.XLOOKUP(표3[[#This Row],[성 명]],'설명회 참석자 명부'!$W$4:$W$29,'설명회 참석자 명부'!$X$4:$X$29,"") -> 0 | BK70: =IFERROR(LEFT(표3[[#This Row],[주소]],FIND(" ",표3[[#This Row],[주소]])-1),"") | BL70: =IFERROR(MID(표3[[#This Row],[주소]], FIND(" ", 표3[[#This Row],[주소]])+1, FIND(" ", 표3[[#This Row],[주소]], FIND(" ", 표3[[#This Row],[주소]])+1) - FIND(" ", 표3[[#This Row],[주소]])-1),"") | BM70: =IFERROR(MID(표3[[#This Row],[주소]], FIND(" ", 표3[[#This Row],[주소]], FIND(" ", 표3[[#This Row],[주소]])+1)+1, FIND(" ", 표3[[#This Row],[주소]], FIND(" ", 표3[[#This Row],[주소]], FIND(" ", 표3[[#This Row],[주소]])+1)+1) - FIND(" ", 표3[[#This Row],[주소]], FIND(" ", 표3[[#This Row],[주소]])+1)-1),"") | CD70: =표3[[#This Row],[종전추정가액]]*1.5219 -> 0
B71: 48 | C71: 28 | D71: 7 | E71: 리뉴힐 | F71: 101 | R71: 0 | S71: 29.35 | T71: =표3[[#This Row],[편입면적]]/(SUM(표3[공부면적])) -> 0.0036669165 | W71: 44.18 | X71: 0 | Y71: 44.18 | AE71: {=IF(표3[[#This Row],[사용승인일자]]="","", IFERROR( _xlfn.IFS( AND(ISNUMBER(SEARCH("공동",표3[[#This Row],[주용도]])), ISNUMBER(SEARCH("철",표3[[#This Row],[주구조]])), 표3[[#This Row],[건물연령]]>=30), "O", AND(ISNUMBER(SEARCH("공동",표3[[#This Row],[주용도]])), COUNTIF(표3[[#This Row],[주구조]],"<>*철*"), 표3[[#This Row],[건물연령]]>=20), "O", AND(COUNTIF(표3[[#This Row],[주용도]],"<>*공동*"), COUNTIF(표3[[#This Row],[주용도]],"<>*단독*"), ISNUMBER(SEARCH("철",표3[[#This Row],[주구조]])), 표3[[#This Row],[건물연령]]>=30), "O", AND(COUNTIF(표3[[#This Row],[주용도]],"<>*공동*"), COUNTIF(표3[[#This Row],[주구조]],"<>*철*"), 표3[[#This Row],[건물연령]]>=20), "O", AND(COUNTIF(표3[[#This Row],[주용도]],"<>*공동*"), ISNUMBER(SEARCH("주택",표3[[#This Row],[주용도]])), 표3[[#This Row],[건물연령]]>=20), "O" ), "") )} | AG71: 철근콘크리트구조 | AI71: 공동주택 | AO71: 임정애 | AR71: 63 | AS71: =IF( OR(표3[[#This Row],[생년월일]]="", ISBLANK(표3[[#This Row],[생년월일]])), "", IFERROR( _xlfn.LET( _xlpm.y, VALUE(표3[[#This Row],[생년월일]]), _xlpm.yyyy, IF(_xlpm.y<100, IF(_xlpm.y>25, 1900+_xlpm.y, 2000+_xlpm.y), _xlpm.y), _xlpm.age, YEAR(TODAY())-_xlpm.yyyy, IF( _xlpm.age<40,"40대 미만", IF(_xlpm.age<50,"40대", IF(_xlpm.age<60,"50대", IF(_xlpm.age<70,"60대", IF(_xlpm.age<80,"70대","80대 이상") )))) ), "") ) -> 60대 | AT71: 서울특별시 송파구 동남로6길 3-10(문정동) | AU71: O | AW71: =IF(COUNTIF('설명회 참석자 명부'!$W$4:$W$29,표3[[#This Row],[성 명]])>0,"O","") | AX71: =_xlfn.XLOOKUP(표3[[#This Row],[성 명]],'설명회 참석자 명부'!$W$4:$W$29,'설명회 참석자 명부'!$X$4:$X$29,"") | BK71: =IFERROR(LEFT(표3[[#This Row],[주소]],FIND(" ",표3[[#This Row],[주소]])-1),"") -> 서울특별시 | BL71: =IFERROR(MID(표3[[#This Row],[주소]], FIND(" ", 표3[[#This Row],[주소]])+1, FIND(" ", 표3[[#This Row],[주소]], FIND(" ", 표3[[#This Row],[주소]])+1) - FIND(" ", 표3[[#This Row],[주소]])-1),"") -> 송파구 | BM71: =IFERROR(MID(표3[[#This Row],[주소]], FIND(" ", 표3[[#This Row],[주소]], FIND(" ", 표3[[#This Row],[주소]])+1)+1, FIND(" ", 표3[[#This Row],[주소]], FIND(" ", 표3[[#This Row],[주소]], FIND(" ", 표3[[#This Row],[주소]])+1)+1) - FIND(" ", 표3[[#This Row],[주소]], FIND(" ", 표3[[#This Row],[주소]])+1)-1),"") -> 동남로6길 | BY71: 음식점 | BZ71: 44.18 | CA71: 29.35 | CB71: 399000000 | CC71: 399000000 | CD71: =표3[[#This Row],[종전추정가액]]*1.5219 -> 607238100
B72: 48 | C72: 28 | D72: 7 | E72: 리뉴힐 | F72: 201 | R72: 0 | S72: 27.89 | T72: =표3[[#This Row],[편입면적]]/(SUM(표3[공부면적])) -> 0.0034845077 | W72: 41.99 | X72: 12.56 | Y72: 54.55 | AE72: {=IF(표3[[#This Row],[사용승인일자]]="","", IFERROR( _xlfn.IFS( AND(ISNUMBER(SEARCH("공동",표3[[#This Row],[주용도]])), ISNUMBER(SEARCH("철",표3[[#This Row],[주구조]])), 표3[[#This Row],[건물연령]]>=30), "O", AND(ISNUMBER(SEARCH("공동",표3[[#This Row],[주용도]])), COUNTIF(표3[[#This Row],[주구조]],"<>*철*"), 표3[[#This Row],[건물연령]]>=20), "O", AND(COUNTIF(표3[[#This Row],[주용도]],"<>*공동*"), COUNTIF(표3[[#This Row],[주용도]],"<>*단독*"), ISNUMBER(SEARCH("철",표3[[#This Row],[주구조]])), 표3[[#This Row],[건물연령]]>=30), "O", AND(COUNTIF(표3[[#This Row],[주용도]],"<>*공동*"), COUNTIF(표3[[#This Row],[주구조]],"<>*철*"), 표3[[#This Row],[건물연령]]>=20), "O", AND(COUNTIF(표3[[#This Row],[주용도]],"<>*공동*"), ISNUMBER(SEARCH("주택",표3[[#This Row],[주용도]])), 표3[[#This Row],[건물연령]]>=20), "O" ), "") )} | AG72: 철근콘크리트구조 | AI72: 공동주택 | AO72: 임정애 | AS72: =IF( OR(표3[[#This Row],[생년월일]]="", ISBLANK(표3[[#This Row],[생년월일]])), "", IFERROR( _xlfn.LET( _xlpm.y, VALUE(표3[[#This Row],[생년월일]]), _xlpm.yyyy, IF(_xlpm.y<100, IF(_xlpm.y>25, 1900+_xlpm.y, 2000+_xlpm.y), _xlpm.y), _xlpm.age, YEAR(TODAY())-_xlpm.yyyy, IF( _xlpm.age<40,"40대 미만", IF(_xlpm.age<50,"40대", IF(_xlpm.age<60,"50대", IF(_xlpm.age<70,"60대", IF(_xlpm.age<80,"70대","80대 이상") )))) ), "") ) | AT72: 서울특별시 송파구 동남로6길 3-10(문정동) | AW72: =IF(COUNTIF('설명회 참석자 명부'!$W$4:$W$29,표3[[#This Row],[성 명]])>0,"O","") | AX72: =_xlfn.XLOOKUP(표3[[#This Row],[성 명]],'설명회 참석자 명부'!$W$4:$W$29,'설명회 참석자 명부'!$X$4:$X$29,"") | BK72: =IFERROR(LEFT(표3[[#This Row],[주소]],FIND(" ",표3[[#This Row],[주소]])-1),"") -> 서울특별시 | BL72: =IFERROR(MID(표3[[#This Row],[주소]], FIND(" ", 표3[[#This Row],[주소]])+1, FIND(" ", 표3[[#This Row],[주소]], FIND(" ", 표3[[#This Row],[주소]])+1) - FIND(" ", 표3[[#This Row],[주소]])-1),"") -> 송파구 | BM72: =IFERROR(MID(표3[[#This Row],[주소]], FIND(" ", 표3[[#This Row],[주소]], FIND(" ", 표3[[#This Row],[주소]])+1)+1, FIND(" ", 표3[[#This Row],[주소]], FIND(" ", 표3[[#This Row],[주소]], FIND(" ", 표3[[#This Row],[주소]])+1)+1) - FIND(" ", 표3[[#This Row],[주소]], FIND(" ", 표3[[#This Row],[주소]])+1)-1),"") -> 동남로6길 | BY72: 다세대 | BZ72: 41.99 | CA72: 27.89 | CB72: 389000000 | CC72: 389000000 | CD72: =표3[[#This Row],[종전추정가액]]*1.5219 -> 592019100
B73: 48 | C73: 28 | D73: 7 | E73: 리뉴힐 | F73: 202 | R73: 0 | S73: 31.06 | T73: =표3[[#This Row],[편입면적]]/(SUM(표3[공부면적])) -> 0.0038805597 | W73: 46.75 | X73: 13.98 | Y73: 60.73 | AE73: {=IF(표3[[#This Row],[사용승인일자]]="","", IFERROR( _xlfn.IFS( AND(ISNUMBER(SEARCH("공동",표3[[#This Row],[주용도]])), ISNUMBER(SEARCH("철",표3[[#This Row],[주구조]])), 표3[[#This Row],[건물연령]]>=30), "O", AND(ISNUMBER(SEARCH("공동",표3[[#This Row],[주용도]])), COUNTIF(표3[[#This Row],[주구조]],"<>*철*"), 표3[[#This Row],[건물연령]]>=20), "O", AND(COUNTIF(표3[[#This Row],[주용도]],"<>*공동*"), COUNTIF(표3[[#This Row],[주용도]],"<>*단독*"), ISNUMBER(SEARCH("철",표3[[#This Row],[주구조]])), 표3[[#This Row],[건물연령]]>=30), "O", AND(COUNTIF(표3[[#This Row],[주용도]],"<>*공동*"), COUNTIF(표3[[#This Row],[주구조]],"<>*철*"), 표3[[#This Row],[건물연령]]>=20), "O", AND(COUNTIF(표3[[#This Row],[주용도]],"<>*공동*"), ISNUMBER(SEARCH("주택",표3[[#This Row],[주용도]])), 표3[[#This Row],[건물연령]]>=20), "O" ), "") )} | AG73: 철근콘크리트구조 | AI73: 공동주택 | AO73: 임정애 | AS73: =IF( OR(표3[[#This Row],[생년월일]]="", ISBLANK(표3[[#This Row],[생년월일]])), "", IFERROR( _xlfn.LET( _xlpm.y, VALUE(표3[[#This Row],[생년월일]]), _xlpm.yyyy, IF(_xlpm.y<100, IF(_xlpm.y>25, 1900+_xlpm.y, 2000+_xlpm.y), _xlpm.y), _xlpm.age, YEAR(TODAY())-_xlpm.yyyy, IF( _xlpm.age<40,"40대 미만", IF(_xlpm.age<50,"40대", IF(_xlpm.age<60,"50대", IF(_xlpm.age<70,"60대", IF(_xlpm.age<80,"70대","80대 이상") )))) ), "") ) | AT73: 서울특별시 송파구 동남로6길 3-10(문정동) | AW73: =IF(COUNTIF('설명회 참석자 명부'!$W$4:$W$29,표3[[#This Row],[성 명]])>0,"O","") | AX73: =_xlfn.XLOOKUP(표3[[#This Row],[성 명]],'설명회 참석자 명부'!$W$4:$W$29,'설명회 참석자 명부'!$X$4:$X$29,"") | BK73: =IFERROR(LEFT(표3[[#This Row],[주소]],FIND(" ",표3[[#This Row],[주소]])-1),"") -> 서울특별시 | BL73: =IFERROR(MID(표3[[#This Row],[주소]], FIND(" ", 표3[[#This Row],[주소]])+1, FIND(" ", 표3[[#This Row],[주소]], FIND(" ", 표3[[#This Row],[주소]])+1) - FIND(" ", 표3[[#This Row],[주소]])-1),"") -> 송파구 | BM73: =IFERROR(MID(표3[[#This Row],[주소]], FIND(" ", 표3[[#This Row],[주소]], FIND(" ", 표3[[#This Row],[주소]])+1)+1, FIND(" ", 표3[[#This Row],[주소]], FIND(" ", 표3[[#This Row],[주소]], FIND(" ", 표3[[#This Row],[주소]])+1)+1) - FIND(" ", 표3[[#This Row],[주소]], FIND(" ", 표3[[#This Row],[주소]])+1)-1),"") -> 동남로6길 | BY73: 다세대 | BZ73: 46.75 | CA73: 31.06 | CB73: 433000000 | CC73: 433000000 | CD73: =표3[[#This Row],[종전추정가액]]*1.5219 -> 658982700
B74: 48 | C74: 28 | D74: 7 | E74: 리뉴힐 | F74: 203 | R74: 0 | S74: 27.36 | T74: =표3[[#This Row],[편입면적]]/(SUM(표3[공부면적])) -> 0.0034182909 | W74: 41.18 | X74: 12.31 | Y74: 53.49 | AE74: {=IF(표3[[#This Row],[사용승인일자]]="","", IFERROR( _xlfn.IFS( AND(ISNUMBER(SEARCH("공동",표3[[#This Row],[주용도]])), ISNUMBER(SEARCH("철",표3[[#This Row],[주구조]])), 표3[[#This Row],[건물연령]]>=30), "O", AND(ISNUMBER(SEARCH("공동",표3[[#This Row],[주용도]])), COUNTIF(표3[[#This Row],[주구조]],"<>*철*"), 표3[[#This Row],[건물연령]]>=20), "O", AND(COUNTIF(표3[[#This Row],[주용도]],"<>*공동*"), COUNTIF(표3[[#This Row],[주용도]],"<>*단독*"), ISNUMBER(SEARCH("철",표3[[#This Row],[주구조]])), 표3[[#This Row],[건물연령]]>=30), "O", AND(COUNTIF(표3[[#This Row],[주용도]],"<>*공동*"), COUNTIF(표3[[#This Row],[주구조]],"<>*철*"), 표3[[#This Row],[건물연령]]>=20), "O", AND(COUNTIF(표3[[#This Row],[주용도]],"<>*공동*"), ISNUMBER(SEARCH("주택",표3[[#This Row],[주용도]])), 표3[[#This Row],[건물연령]]>=20), "O" ), "") )} | AG74: 철근콘크리트구조 | AI74: 공동주택 | AO74: 임정애 | AS74: =IF( OR(표3[[#This Row],[생년월일]]="", ISBLANK(표3[[#This Row],[생년월일]])), "", IFERROR( _xlfn.LET( _xlpm.y, VALUE(표3[[#This Row],[생년월일]]), _xlpm.yyyy, IF(_xlpm.y<100, IF(_xlpm.y>25, 1900+_xlpm.y, 2000+_xlpm.y), _xlpm.y), _xlpm.age, YEAR(TODAY())-_xlpm.yyyy, IF( _xlpm.age<40,"40대 미만", IF(_xlpm.age<50,"40대", IF(_xlpm.age<60,"50대", IF(_xlpm.age<70,"60대", IF(_xlpm.age<80,"70대","80대 이상") )))) ), "") ) | AT74: 서울특별시 송파구 동남로6길 3-10(문정동) | AW74: =IF(COUNTIF('설명회 참석자 명부'!$W$4:$W$29,표3[[#This Row],[성 명]])>0,"O","") | AX74: =_xlfn.XLOOKUP(표3[[#This Row],[성 명]],'설명회 참석자 명부'!$W$4:$W$29,'설명회 참석자 명부'!$X$4:$X$29,"") | BK74: =IFERROR(LEFT(표3[[#This Row],[주소]],FIND(" ",표3[[#This Row],[주소]])-1),"") -> 서울특별시 | BL74: =IFERROR(MID(표3[[#This Row],[주소]], FIND(" ", 표3[[#This Row],[주소]])+1, FIND(" ", 표3[[#This Row],[주소]], FIND(" ", 표3[[#This Row],[주소]])+1) - FIND(" ", 표3[[#This Row],[주소]])-1),"") -> 송파구 | BM74: =IFERROR(MID(표3[[#This Row],[주소]], FIND(" ", 표3[[#This Row],[주소]], FIND(" ", 표3[[#This Row],[주소]])+1)+1, FIND(" ", 표3[[#This Row],[주소]], FIND(" ", 표3[[#This Row],[주소]], FIND(" ", 표3[[#This Row],[주소]])+1)+1) - FIND(" ", 표3[[#This Row],[주소]], FIND(" ", 표3[[#This Row],[주소]])+1)-1),"") -> 동남로6길 | BY74: 다세대 | BZ74: 41.18 | CA74: 27.36 | CB74: 381000000 | CC74: 381000000 | CD74: =표3[[#This Row],[종전추정가액]]*1.5219 -> 579843900
B75: 48 | C75: 28 | D75: 7 | E75: 리뉴힐 | F75: 301 | R75: 0 | S75: 27.89 | T75: =표3[[#This Row],[편입면적]]/(SUM(표3[공부면적])) -> 0.0034845077 | W75: 41.99 | X75: 12.56 | Y75: 54.55 | AE75: {=IF(표3[[#This Row],[사용승인일자]]="","", IFERROR( _xlfn.IFS( AND(ISNUMBER(SEARCH("공동",표3[[#This Row],[주용도]])), ISNUMBER(SEARCH("철",표3[[#This Row],[주구조]])), 표3[[#This Row],[건물연령]]>=30), "O", AND(ISNUMBER(SEARCH("공동",표3[[#This Row],[주용도]])), COUNTIF(표3[[#This Row],[주구조]],"<>*철*"), 표3[[#This Row],[건물연령]]>=20), "O", AND(COUNTIF(표3[[#This Row],[주용도]],"<>*공동*"), COUNTIF(표3[[#This Row],[주용도]],"<>*단독*"), ISNUMBER(SEARCH("철",표3[[#This Row],[주구조]])), 표3[[#This Row],[건물연령]]>=30), "O", AND(COUNTIF(표3[[#This Row],[주용도]],"<>*공동*"), COUNTIF(표3[[#This Row],[주구조]],"<>*철*"), 표3[[#This Row],[건물연령]]>=20), "O", AND(COUNTIF(표3[[#This Row],[주용도]],"<>*공동*"), ISNUMBER(SEARCH("주택",표3[[#This Row],[주용도]])), 표3[[#This Row],[건물연령]]>=20), "O" ), "") )} | AG75: 철근콘크리트구조 | AI75: 공동주택 | AO75: 임정애 | AS75: =IF( OR(표3[[#This Row],[생년월일]]="", ISBLANK(표3[[#This Row],[생년월일]])), "", IFERROR( _xlfn.LET( _xlpm.y, VALUE(표3[[#This Row],[생년월일]]), _xlpm.yyyy, IF(_xlpm.y<100, IF(_xlpm.y>25, 1900+_xlpm.y, 2000+_xlpm.y), _xlpm.y), _xlpm.age, YEAR(TODAY())-_xlpm.yyyy, IF( _xlpm.age<40,"40대 미만", IF(_xlpm.age<50,"40대", IF(_xlpm.age<60,"50대", IF(_xlpm.age<70,"60대", IF(_xlpm.age<80,"70대","80대 이상") )))) ), "") ) | AT75: 서울특별시 송파구 동남로6길 3-10(문정동) | AW75: =IF(COUNTIF('설명회 참석자 명부'!$W$4:$W$29,표3[[#This Row],[성 명]])>0,"O","") | AX75: =_xlfn.XLOOKUP(표3[[#This Row],[성 명]],'설명회 참석자 명부'!$W$4:$W$29,'설명회 참석자 명부'!$X$4:$X$29,"") | BK75: =IFERROR(LEFT(표3[[#This Row],[주소]],FIND(" ",표3[[#This Row],[주소]])-1),"") -> 서울특별시 | BL75: =IFERROR(MID(표3[[#This Row],[주소]], FIND(" ", 표3[[#This Row],[주소]])+1, FIND(" ", 표3[[#This Row],[주소]], FIND(" ", 표3[[#This Row],[주소]])+1) - FIND(" ", 표3[[#This Row],[주소]])-1),"") -> 송파구 | BM75: =IFERROR(MID(표3[[#This Row],[주소]], FIND(" ", 표3[[#This Row],[주소]], FIND(" ", 표3[[#This Row],[주소]])+1)+1, FIND(" ", 표3[[#This Row],[주소]], FIND(" ", 표3[[#This Row],[주소]], FIND(" ", 표3[[#This Row],[주소]])+1)+1) - FIND(" ", 표3[[#This Row],[주소]], FIND(" ", 표3[[#This Row],[주소]])+1)-1),"") -> 동남로6길 | BY75: 다세대 | BZ75: 41.99 | CA75: 27.89 | CB75: 392000000 | CC75: 392000000 | CD75: =표3[[#This Row],[종전추정가액]]*1.5219 -> 596584800
B76: 48 | C76: 28 | D76: 7 | E76: 리뉴힐 | F76: 302 | R76: 0 | S76: 31.06 | T76: =표3[[#This Row],[편입면적]]/(SUM(표3[공부면적])) -> 0.0038805597 | W76: 46.75 | X76: 13.98 | Y76: 60.73 | AE76: {=IF(표3[[#This Row],[사용승인일자]]="","", IFERROR( _xlfn.IFS( AND(ISNUMBER(SEARCH("공동",표3[[#This Row],[주용도]])), ISNUMBER(SEARCH("철",표3[[#This Row],[주구조]])), 표3[[#This Row],[건물연령]]>=30), "O", AND(ISNUMBER(SEARCH("공동",표3[[#This Row],[주용도]])), COUNTIF(표3[[#This Row],[주구조]],"<>*철*"), 표3[[#This Row],[건물연령]]>=20), "O", AND(COUNTIF(표3[[#This Row],[주용도]],"<>*공동*"), COUNTIF(표3[[#This Row],[주용도]],"<>*단독*"), ISNUMBER(SEARCH("철",표3[[#This Row],[주구조]])), 표3[[#This Row],[건물연령]]>=30), "O", AND(COUNTIF(표3[[#This Row],[주용도]],"<>*공동*"), COUNTIF(표3[[#This Row],[주구조]],"<>*철*"), 표3[[#This Row],[건물연령]]>=20), "O", AND(COUNTIF(표3[[#This Row],[주용도]],"<>*공동*"), ISNUMBER(SEARCH("주택",표3[[#This Row],[주용도]])), 표3[[#This Row],[건물연령]]>=20), "O" ), "") )} | AG76: 철근콘크리트구조 | AI76: 공동주택 | AO76: 임정애 | AS76: =IF( OR(표3[[#This Row],[생년월일]]="", ISBLANK(표3[[#This Row],[생년월일]])), "", IFERROR( _xlfn.LET( _xlpm.y, VALUE(표3[[#This Row],[생년월일]]), _xlpm.yyyy, IF(_xlpm.y<100, IF(_xlpm.y>25, 1900+_xlpm.y, 2000+_xlpm.y), _xlpm.y), _xlpm.age, YEAR(TODAY())-_xlpm.yyyy, IF( _xlpm.age<40,"40대 미만", IF(_xlpm.age<50,"40대", IF(_xlpm.age<60,"50대", IF(_xlpm.age<70,"60대", IF(_xlpm.age<80,"70대","80대 이상") )))) ), "") ) | AT76: 서울특별시 송파구 동남로6길 3-10(문정동) | AW76: =IF(COUNTIF('설명회 참석자 명부'!$W$4:$W$29,표3[[#This Row],[성 명]])>0,"O","") | AX76: =_xlfn.XLOOKUP(표3[[#This Row],[성 명]],'설명회 참석자 명부'!$W$4:$W$29,'설명회 참석자 명부'!$X$4:$X$29,"") | BK76: =IFERROR(LEFT(표3[[#This Row],[주소]],FIND(" ",표3[[#This Row],[주소]])-1),"") -> 서울특별시 | BL76: =IFERROR(MID(표3[[#This Row],[주소]], FIND(" ", 표3[[#This Row],[주소]])+1, FIND(" ", 표3[[#This Row],[주소]], FIND(" ", 표3[[#This Row],[주소]])+1) - FIND(" ", 표3[[#This Row],[주소]])-1),"") -> 송파구 | BM76: =IFERROR(MID(표3[[#This Row],[주소]], FIND(" ", 표3[[#This Row],[주소]], FIND(" ", 표3[[#This Row],[주소]])+1)+1, FIND(" ", 표3[[#This Row],[주소]], FIND(" ", 표3[[#This Row],[주소]], FIND(" ", 표3[[#This Row],[주소]])+1)+1) - FIND(" ", 표3[[#This Row],[주소]], FIND(" ", 표3[[#This Row],[주소]])+1)-1),"") -> 동남로6길 | BY76: 다세대 | BZ76: 46.75 | CA76: 31.06 | CB76: 437000000 | CC76: 437000000 | CD76: =표3[[#This Row],[종전추정가액]]*1.5219 -> 665070300
B77: 48 | C77: 28 | D77: 7 | E77: 리뉴힐 | F77: 303 | R77: 0 | S77: 27.36 | T77: =표3[[#This Row],[편입면적]]/(SUM(표3[공부면적])) -> 0.0034182909 | W77: 41.18 | X77: 12.32 | Y77: 53.5 | AE77: {=IF(표3[[#This Row],[사용승인일자]]="","", IFERROR( _xlfn.IFS( AND(ISNUMBER(SEARCH("공동",표3[[#This Row],[주용도]])), ISNUMBER(SEARCH("철",표3[[#This Row],[주구조]])), 표3[[#This Row],[건물연령]]>=30), "O", AND(ISNUMBER(SEARCH("공동",표3[[#This Row],[주용도]])), COUNTIF(표3[[#This Row],[주구조]],"<>*철*"), 표3[[#This Row],[건물연령]]>=20), "O", AND(COUNTIF(표3[[#This Row],[주용도]],"<>*공동*"), COUNTIF(표3[[#This Row],[주용도]],"<>*단독*"), ISNUMBER(SEARCH("철",표3[[#This Row],[주구조]])), 표3[[#This Row],[건물연령]]>=30), "O", AND(COUNTIF(표3[[#This Row],[주용도]],"<>*공동*"), COUNTIF(표3[[#This Row],[주구조]],"<>*철*"), 표3[[#This Row],[건물연령]]>=20), "O", AND(COUNTIF(표3[[#This Row],[주용도]],"<>*공동*"), ISNUMBER(SEARCH("주택",표3[[#This Row],[주용도]])), 표3[[#This Row],[건물연령]]>=20), "O" ), "") )} | AG77: 철근콘크리트구조 | AI77: 공동주택 | AO77: 임정애 | AS77: =IF( OR(표3[[#This Row],[생년월일]]="", ISBLANK(표3[[#This Row],[생년월일]])), "", IFERROR( _xlfn.LET( _xlpm.y, VALUE(표3[[#This Row],[생년월일]]), _xlpm.yyyy, IF(_xlpm.y<100, IF(_xlpm.y>25, 1900+_xlpm.y, 2000+_xlpm.y), _xlpm.y), _xlpm.age, YEAR(TODAY())-_xlpm.yyyy, IF( _xlpm.age<40,"40대 미만", IF(_xlpm.age<50,"40대", IF(_xlpm.age<60,"50대", IF(_xlpm.age<70,"60대", IF(_xlpm.age<80,"70대","80대 이상") )))) ), "") ) | AT77: 서울특별시 송파구 동남로6길 3-10(문정동) | AW77: =IF(COUNTIF('설명회 참석자 명부'!$W$4:$W$29,표3[[#This Row],[성 명]])>0,"O","") | AX77: =_xlfn.XLOOKUP(표3[[#This Row],[성 명]],'설명회 참석자 명부'!$W$4:$W$29,'설명회 참석자 명부'!$X$4:$X$29,"") | BK77: =IFERROR(LEFT(표3[[#This Row],[주소]],FIND(" ",표3[[#This Row],[주소]])-1),"") -> 서울특별시 | BL77: =IFERROR(MID(표3[[#This Row],[주소]], FIND(" ", 표3[[#This Row],[주소]])+1, FIND(" ", 표3[[#This Row],[주소]], FIND(" ", 표3[[#This Row],[주소]])+1) - FIND(" ", 표3[[#This Row],[주소]])-1),"") -> 송파구 | BM77: =IFERROR(MID(표3[[#This Row],[주소]], FIND(" ", 표3[[#This Row],[주소]], FIND(" ", 표3[[#This Row],[주소]])+1)+1, FIND(" ", 표3[[#This Row],[주소]], FIND(" ", 표3[[#This Row],[주소]], FIND(" ", 표3[[#This Row],[주소]])+1)+1) - FIND(" ", 표3[[#This Row],[주소]], FIND(" ", 표3[[#This Row],[주소]])+1)-1),"") -> 동남로6길 | BY77: 다세대 | BZ77: 41.18 | CA77: 27.36 | CB77: 385000000 | CC77: 385000000 | CD77: =표3[[#This Row],[종전추정가액]]*1.5219 -> 585931500
B78: 48 | C78: 28 | D78: 7 | E78: 리뉴힐 | F78: 401 | R78: 0 | S78: 141.8 | T78: =표3[[#This Row],[편입면적]]/(SUM(표3[공부면적])) -> 0.017716142 | W78: 126.98 | X78: 86.44 | Y78: 213.42 | AE78: {=IF(표3[[#This Row],[사용승인일자]]="","", IFERROR( _xlfn.IFS( AND(ISNUMBER(SEARCH("공동",표3[[#This Row],[주용도]])), ISNUMBER(SEARCH("철",표3[[#This Row],[주구조]])), 표3[[#This Row],[건물연령]]>=30), "O", AND(ISNUMBER(SEARCH("공동",표3[[#This Row],[주용도]])), COUNTIF(표3[[#This Row],[주구조]],"<>*철*"), 표3[[#This Row],[건물연령]]>=20), "O", AND(COUNTIF(표3[[#This Row],[주용도]],"<>*공동*"), COUNTIF(표3[[#This Row],[주용도]],"<>*단독*"), ISNUMBER(SEARCH("철",표3[[#This Row],[주구조]])), 표3[[#This Row],[건물연령]]>=30), "O", AND(COUNTIF(표3[[#This Row],[주용도]],"<>*공동*"), COUNTIF(표3[[#This Row],[주구조]],"<>*철*"), 표3[[#This Row],[건물연령]]>=20), "O", AND(COUNTIF(표3[[#This Row],[주용도]],"<>*공동*"), ISNUMBER(SEARCH("주택",표3[[#This Row],[주용도]])), 표3[[#This Row],[건물연령]]>=20), "O" ), "") )} | AG78: 철근콘크리트구조 | AI78: 공동주택 | AO78: 임정애 | AS78: =IF( OR(표3[[#This Row],[생년월일]]="", ISBLANK(표3[[#This Row],[생년월일]])), "", IFERROR( _xlfn.LET( _xlpm.y, VALUE(표3[[#This Row],[생년월일]]), _xlpm.yyyy, IF(_xlpm.y<100, IF(_xlpm.y>25, 1900+_xlpm.y, 2000+_xlpm.y), _xlpm.y), _xlpm.age, YEAR(TODAY())-_xlpm.yyyy, IF( _xlpm.age<40,"40대 미만", IF(_xlpm.age<50,"40대", IF(_xlpm.age<60,"50대", IF(_xlpm.age<70,"60대", IF(_xlpm.age<80,"70대","80대 이상") )))) ), "") ) | AT78: 서울특별시 송파구 동남로6길 3-10(문정동) | AW78: =IF(COUNTIF('설명회 참석자 명부'!$W$4:$W$29,표3[[#This Row],[성 명]])>0,"O","") | AX78: =_xlfn.XLOOKUP(표3[[#This Row],[성 명]],'설명회 참석자 명부'!$W$4:$W$29,'설명회 참석자 명부'!$X$4:$X$29,"") | BK78: =IFERROR(LEFT(표3[[#This Row],[주소]],FIND(" ",표3[[#This Row],[주소]])-1),"") -> 서울특별시 | BL78: =IFERROR(MID(표3[[#This Row],[주소]], FIND(" ", 표3[[#This Row],[주소]])+1, FIND(" ", 표3[[#This Row],[주소]], FIND(" ", 표3[[#This Row],[주소]])+1) - FIND(" ", 표3[[#This Row],[주소]])-1),"") -> 송파구 | BM78: =IFERROR(MID(표3[[#This Row],[주소]], FIND(" ", 표3[[#This Row],[주소]], FIND(" ", 표3[[#This Row],[주소]])+1)+1, FIND(" ", 표3[[#This Row],[주소]], FIND(" ", 표3[[#This Row],[주소]], FIND(" ", 표3[[#This Row],[주소]])+1)+1) - FIND(" ", 표3[[#This Row],[주소]], FIND(" ", 표3[[#This Row],[주소]])+1)-1),"") -> 동남로6길 | BY78: 다세대 | BZ78: 213.42 | CA78: 141.8 | CB78: 1994000000 | CC78: 1994000000 | CD78: =표3[[#This Row],[종전추정가액]]*1.5219 -> 3034668600
B79: 49 | C79: 28 | D79: 8 | F79: 0 | Q79: 대 | R79: 175.6 | S79: 175.6 | T79: =표3[[#This Row],[편입면적]]/(SUM(표3[공부면적])) -> 0.02193903 | U79: O | W79: 160.56 | X79: 81.9 | Y79: 242.46 | Z79: 242.46 | AC79: 1989.07.10 | AD79: 36 | AE79: {=IF(표3[[#This Row],[사용승인일자]]="","", IFERROR( _xlfn.IFS( AND(ISNUMBER(SEARCH("공동",표3[[#This Row],[주용도]])), ISNUMBER(SEARCH("철",표3[[#This Row],[주구조]])), 표3[[#This Row],[건물연령]]>=30), "O", AND(ISNUMBER(SEARCH("공동",표3[[#This Row],[주용도]])), COUNTIF(표3[[#This Row],[주구조]],"<>*철*"), 표3[[#This Row],[건물연령]]>=20), "O", AND(COUNTIF(표3[[#This Row],[주용도]],"<>*공동*"), COUNTIF(표3[[#This Row],[주용도]],"<>*단독*"), ISNUMBER(SEARCH("철",표3[[#This Row],[주구조]])), 표3[[#This Row],[건물연령]]>=30), "O", AND(COUNTIF(표3[[#This Row],[주용도]],"<>*공동*"), COUNTIF(표3[[#This Row],[주구조]],"<>*철*"), 표3[[#This Row],[건물연령]]>=20), "O", AND(COUNTIF(표3[[#This Row],[주용도]],"<>*공동*"), ISNUMBER(SEARCH("주택",표3[[#This Row],[주용도]])), 표3[[#This Row],[건물연령]]>=20), "O" ), "") )} -> O | AG79: 벽돌구조 | AI79: 단독주택 | AM79: 2 | AN79: 1 | AO79: 이분례 | AP79: 1092076435 | AR79: 58 | AS79: =IF( OR(표3[[#This Row],[생년월일]]="", ISBLANK(표3[[#This Row],[생년월일]])), "", IFERROR( _xlfn.LET( _xlpm.y, VALUE(표3[[#This Row],[생년월일]]), _xlpm.yyyy, IF(_xlpm.y<100, IF(_xlpm.y>25, 1900+_xlpm.y, 2000+_xlpm.y), _xlpm.y), _xlpm.age, YEAR(TODAY())-_xlpm.yyyy, IF( _xlpm.age<40,"40대 미만", IF(_xlpm.age<50,"40대", IF(_xlpm.age<60,"50대", IF(_xlpm.age<70,"60대", IF(_xlpm.age<80,"70대","80대 이상") )))) ), "") ) -> 60대 | AT79: 서울 송파구 문정동 28-8 | AU79: O | AW79: =IF(COUNTIF('설명회 참석자 명부'!$W$4:$W$29,표3[[#This Row],[성 명]])>0,"O","") | AX79: =_xlfn.XLOOKUP(표3[[#This Row],[성 명]],'설명회 참석자 명부'!$W$4:$W$29,'설명회 참석자 명부'!$X$4:$X$29,"") | BA79: O | BB79: O | BK79: =IFERROR(LEFT(표3[[#This Row],[주소]],FIND(" ",표3[[#This Row],[주소]])-1),"") -> 서울 | BL79: =IFERROR(MID(표3[[#This Row],[주소]], FIND(" ", 표3[[#This Row],[주소]])+1, FIND(" ", 표3[[#This Row],[주소]], FIND(" ", 표3[[#This Row],[주소]])+1) - FIND(" ", 표3[[#This Row],[주소]])-1),"") -> 송파구 | BM79: =IFERROR(MID(표3[[#This Row],[주소]], FIND(" ", 표3[[#This Row],[주소]], FIND(" ", 표3[[#This Row],[주소]])+1)+1, FIND(" ", 표3[[#This Row],[주소]], FIND(" ", 표3[[#This Row],[주소]], FIND(" ", 표3[[#This Row],[주소]])+1)+1) - FIND(" ", 표3[[#This Row],[주소]], FIND(" ", 표3[[#This Row],[주소]])+1)-1),"") -> 문정동 | BS79: 175.6 | BT79: 12080000 | BU79: 2121248000 | BV79: 단독주택 | BW79: 242.46 | BX79: 67888800 | CC79: 2189136800 | CD79: =표3[[#This Row],[종전추정가액]]*1.5219 -> 3.3316473e+09
B80: 50 | C80: 28 | D80: 10 | F80: 0 | Q80: 대 | R80: 147.2 | S80: 147.2 | T80: =표3[[#This Row],[편입면적]]/(SUM(표3[공부면적])) -> 0.018390805 | U80: O | W80: 205.2 | X80: 88.14 | Y80: 293.34 | Z80: 293.34 | AC80: 1991.11.09 | AD80: 34 | AE80: {=IF(표3[[#This Row],[사용승인일자]]="","", IFERROR( _xlfn.IFS( AND(ISNUMBER(SEARCH("공동",표3[[#This Row],[주용도]])), ISNUMBER(SEARCH("철",표3[[#This Row],[주구조]])), 표3[[#This Row],[건물연령]]>=30), "O", AND(ISNUMBER(SEARCH("공동",표3[[#This Row],[주용도]])), COUNTIF(표3[[#This Row],[주구조]],"<>*철*"), 표3[[#This Row],[건물연령]]>=20), "O", AND(COUNTIF(표3[[#This Row],[주용도]],"<>*공동*"), COUNTIF(표3[[#This Row],[주용도]],"<>*단독*"), ISNUMBER(SEARCH("철",표3[[#This Row],[주구조]])), 표3[[#This Row],[건물연령]]>=30), "O", AND(COUNTIF(표3[[#This Row],[주용도]],"<>*공동*"), COUNTIF(표3[[#This Row],[주구조]],"<>*철*"), 표3[[#This Row],[건물연령]]>=20), "O", AND(COUNTIF(표3[[#This Row],[주용도]],"<>*공동*"), ISNUMBER(SEARCH("주택",표3[[#This Row],[주용도]])), 표3[[#This Row],[건물연령]]>=20), "O" ), "") )} -> O | AG80: 철근콘크리트구조 | AI80: 제1종근린생활시설 | AM80: 3 | AN80: 1 | AO80: 조현길 | AR80: 80 | AS80: =IF( OR(표3[[#This Row],[생년월일]]="", ISBLANK(표3[[#This Row],[생년월일]])), "", IFERROR( _xlfn.LET( _xlpm.y, VALUE(표3[[#This Row],[생년월일]]), _xlpm.yyyy, IF(_xlpm.y<100, IF(_xlpm.y>25, 1900+_xlpm.y, 2000+_xlpm.y), _xlpm.y), _xlpm.age, YEAR(TODAY())-_xlpm.yyyy, IF( _xlpm.age<40,"40대 미만", IF(_xlpm.age<50,"40대", IF(_xlpm.age<60,"50대", IF(_xlpm.age<70,"60대", IF(_xlpm.age<80,"70대","80대 이상") )))) ), "") ) -> 40대 | AT80: 서울특별시 강남구 학동로97길 31, 102동 1102호 (청담동,청담동양파라곤) | AW80: =IF(COUNTIF('설명회 참석자 명부'!$W$4:$W$29,표3[[#This Row],[성 명]])>0,"O","") | AX80: =_xlfn.XLOOKUP(표3[[#This Row],[성 명]],'설명회 참석자 명부'!$W$4:$W$29,'설명회 참석자 명부'!$X$4:$X$29,"") | BB80: O | BK80: =IFERROR(LEFT(표3[[#This Row],[주소]],FIND(" ",표3[[#This Row],[주소]])-1),"") -> 서울특별시 | BL80: =IFERROR(MID(표3[[#This Row],[주소]], FIND(" ", 표3[[#This Row],[주소]])+1, FIND(" ", 표3[[#This Row],[주소]], FIND(" ", 표3[[#This Row],[주소]])+1) - FIND(" ", 표3[[#This Row],[주소]])-1),"") -> 강남구 | BM80: =IFERROR(MID(표3[[#This Row],[주소]], FIND(" ", 표3[[#This Row],[주소]], FIND(" ", 표3[[#This Row],[주소]])+1)+1, FIND(" ", 표3[[#This Row],[주소]], FIND(" ", 표3[[#This Row],[주소]], FIND(" ", 표3[[#This Row],[주소]])+1)+1) - FIND(" ", 표3[[#This Row],[주소]], FIND(" ", 표3[[#This Row],[주소]])+1)-1),"") -> 학동로97길 | BS80: 147.2 | BT80: 11400000 | BU80: 1678080000 | BV80: 제1종근린생활시설 | BW80: 293.34 | BX80: 1.3141632e+08 | CC80: 1809496320 | CD80: =표3[[#This Row],[종전추정가액]]*1.5219 -> 2.7538724e+09
C81: 28 | D81: 11 | E81: 그린파크빌라 | F81: 0 | Q81: 대 | R81: 240.5 | T81: =표3[[#This Row],[편입면적]]/(SUM(표3[공부면적])) -> 0 | U81: O | Y81: 0 | Z81: 460.56 | AC81: 1991.01.11 | AD81: 34 | AE81: {=IF(표3[[#This Row],[사용승인일자]]="","", IFERROR( _xlfn.IFS( AND(ISNUMBER(SEARCH("공동",표3[[#This Row],[주용도]])), ISNUMBER(SEARCH("철",표3[[#This Row],[주구조]])), 표3[[#This Row],[건물연령]]>=30), "O", AND(ISNUMBER(SEARCH("공동",표3[[#This Row],[주용도]])), COUNTIF(표3[[#This Row],[주구조]],"<>*철*"), 표3[[#This Row],[건물연령]]>=20), "O", AND(COUNTIF(표3[[#This Row],[주용도]],"<>*공동*"), COUNTIF(표3[[#This Row],[주용도]],"<>*단독*"), ISNUMBER(SEARCH("철",표3[[#This Row],[주구조]])), 표3[[#This Row],[건물연령]]>=30), "O", AND(COUNTIF(표3[[#This Row],[주용도]],"<>*공동*"), COUNTIF(표3[[#This Row],[주구조]],"<>*철*"), 표3[[#This Row],[건물연령]]>=20), "O", AND(COUNTIF(표3[[#This Row],[주용도]],"<>*공동*"), ISNUMBER(SEARCH("주택",표3[[#This Row],[주용도]])), 표3[[#This Row],[건물연령]]>=20), "O" ), "") )} -> O | AG81: 철근콘크리트구조 | AI81: 공동주택 | AM81: 3 | AN81: 1 | AS81: =IF( OR(표3[[#This Row],[생년월일]]="", ISBLANK(표3[[#This Row],[생년월일]])), "", IFERROR( _xlfn.LET( _xlpm.y, VALUE(표3[[#This Row],[생년월일]]), _xlpm.yyyy, IF(_xlpm.y<100, IF(_xlpm.y>25, 1900+_xlpm.y, 2000+_xlpm.y), _xlpm.y), _xlpm.age, YEAR(TODAY())-_xlpm.yyyy, IF( _xlpm.age<40,"40대 미만", IF(_xlpm.age<50,"40대", IF(_xlpm.age<60,"50대", IF(_xlpm.age<70,"60대", IF(_xlpm.age<80,"70대","80대 이상") )))) ), "") ) | AW81: =IF(COUNTIF('설명회 참석자 명부'!$W$4:$W$29,표3[[#This Row],[성 명]])>0,"O","") | AX81: =_xlfn.XLOOKUP(표3[[#This Row],[성 명]],'설명회 참석자 명부'!$W$4:$W$29,'설명회 참석자 명부'!$X$4:$X$29,"") -> 0 | BK81: =IFERROR(LEFT(표3[[#This Row],[주소]],FIND(" ",표3[[#This Row],[주소]])-1),"") | BL81: =IFERROR(MID(표3[[#This Row],[주소]], FIND(" ", 표3[[#This Row],[주소]])+1, FIND(" ", 표3[[#This Row],[주소]], FIND(" ", 표3[[#This Row],[주소]])+1) - FIND(" ", 표3[[#This Row],[주소]])-1),"") | BM81: =IFERROR(MID(표3[[#This Row],[주소]], FIND(" ", 표3[[#This Row],[주소]], FIND(" ", 표3[[#This Row],[주소]])+1)+1, FIND(" ", 표3[[#This Row],[주소]], FIND(" ", 표3[[#This Row],[주소]], FIND(" ", 표3[[#This Row],[주소]])+1)+1) - FIND(" ", 표3[[#This Row],[주소]], FIND(" ", 표3[[#This Row],[주소]])+1)-1),"") | CD81: =표3[[#This Row],[종전추정가액]]*1.5219 -> 0
B82: 51 | C82: 28 | D82: 11 | E82: 그린파크빌라 | F82: 101 | R82: 0 | S82: 31.94 | T82: =표3[[#This Row],[편입면적]]/(SUM(표3[공부면적])) -> 0.0039905047 | W82: 56.1 | X82: 5.07 | Y82: 61.27 | AE82: {=IF(표3[[#This Row],[사용승인일자]]="","", IFERROR( _xlfn.IFS( AND(ISNUMBER(SEARCH("공동",표3[[#This Row],[주용도]])), ISNUMBER(SEARCH("철",표3[[#This Row],[주구조]])), 표3[[#This Row],[건물연령]]>=30), "O", AND(ISNUMBER(SEARCH("공동",표3[[#This Row],[주용도]])), COUNTIF(표3[[#This Row],[주구조]],"<>*철*"), 표3[[#This Row],[건물연령]]>=20), "O", AND(COUNTIF(표3[[#This Row],[주용도]],"<>*공동*"), COUNTIF(표3[[#This Row],[주용도]],"<>*단독*"), ISNUMBER(SEARCH("철",표3[[#This Row],[주구조]])), 표3[[#This Row],[건물연령]]>=30), "O", AND(COUNTIF(표3[[#This Row],[주용도]],"<>*공동*"), COUNTIF(표3[[#This Row],[주구조]],"<>*철*"), 표3[[#This Row],[건물연령]]>=20), "O", AND(COUNTIF(표3[[#This Row],[주용도]],"<>*공동*"), ISNUMBER(SEARCH("주택",표3[[#This Row],[주용도]])), 표3[[#This Row],[건물연령]]>=20), "O" ), "") )} | AG82: 철근콘크리트구조 | AI82: 공동주택 | AO82: 김윤지 | AP82: 1093373913 | AR82: 84 | AS82: =IF( OR(표3[[#This Row],[생년월일]]="", ISBLANK(표3[[#This Row],[생년월일]])), "", IFERROR( _xlfn.LET( _xlpm.y, VALUE(표3[[#This Row],[생년월일]]), _xlpm.yyyy, IF(_xlpm.y<100, IF(_xlpm.y>25, 1900+_xlpm.y, 2000+_xlpm.y), _xlpm.y), _xlpm.age, YEAR(TODAY())-_xlpm.yyyy, IF( _xlpm.age<40,"40대 미만", IF(_xlpm.age<50,"40대", IF(_xlpm.age<60,"50대", IF(_xlpm.age<70,"60대", IF(_xlpm.age<80,"70대","80대 이상") )))) ), "") ) -> 40대 | AT82: 서울특별시 송파구 동남로6길 7-5, 101호(문정동) | AU82: O | AW82: =IF(COUNTIF('설명회 참석자 명부'!$W$4:$W$29,표3[[#This Row],[성 명]])>0,"O","") | AX82: =_xlfn.XLOOKUP(표3[[#This Row],[성 명]],'설명회 참석자 명부'!$W$4:$W$29,'설명회 참석자 명부'!$X$4:$X$29,"") | BK82: =IFERROR(LEFT(표3[[#This Row],[주소]],FIND(" ",표3[[#This Row],[주소]])-1),"") -> 서울특별시 | BL82: =IFERROR(MID(표3[[#This Row],[주소]], FIND(" ", 표3[[#This Row],[주소]])+1, FIND(" ", 표3[[#This Row],[주소]], FIND(" ", 표3[[#This Row],[주소]])+1) - FIND(" ", 표3[[#This Row],[주소]])-1),"") -> 송파구 | BM82: =IFERROR(MID(표3[[#This Row],[주소]], FIND(" ", 표3[[#This Row],[주소]], FIND(" ", 표3[[#This Row],[주소]])+1)+1, FIND(" ", 표3[[#This Row],[주소]], FIND(" ", 표3[[#This Row],[주소]], FIND(" ", 표3[[#This Row],[주소]])+1)+1) - FIND(" ", 표3[[#This Row],[주소]], FIND(" ", 표3[[#This Row],[주소]])+1)-1),"") -> 동남로6길 | BY82: 다세대 | BZ82: 56.1 | CA82: 31.94 | CB82: 382000000 | CC82: 382000000 | CD82: =표3[[#This Row],[종전추정가액]]*1.5219 -> 581365800
B83: 52 | C83: 28 | D83: 11 | E83: 그린파크빌라 | F83: 102 | R83: 0 | S83: 31.94 | T83: =표3[[#This Row],[편입면적]]/(SUM(표3[공부면적])) -> 0.0039905047 | W83: 56.1 | X83: 5.07 | Y83: 61.27 | AE83: {=IF(표3[[#This Row],[사용승인일자]]="","", IFERROR( _xlfn.IFS( AND(ISNUMBER(SEARCH("공동",표3[[#This Row],[주용도]])), ISNUMBER(SEARCH("철",표3[[#This Row],[주구조]])), 표3[[#This Row],[건물연령]]>=30), "O", AND(ISNUMBER(SEARCH("공동",표3[[#This Row],[주용도]])), COUNTIF(표3[[#This Row],[주구조]],"<>*철*"), 표3[[#This Row],[건물연령]]>=20), "O", AND(COUNTIF(표3[[#This Row],[주용도]],"<>*공동*"), COUNTIF(표3[[#This Row],[주용도]],"<>*단독*"), ISNUMBER(SEARCH("철",표3[[#This Row],[주구조]])), 표3[[#This Row],[건물연령]]>=30), "O", AND(COUNTIF(표3[[#This Row],[주용도]],"<>*공동*"), COUNTIF(표3[[#This Row],[주구조]],"<>*철*"), 표3[[#This Row],[건물연령]]>=20), "O", AND(COUNTIF(표3[[#This Row],[주용도]],"<>*공동*"), ISNUMBER(SEARCH("주택",표3[[#This Row],[주용도]])), 표3[[#This Row],[건물연령]]>=20), "O" ), "") )} | AG83: 철근콘크리트구조 | AI83: 공동주택 | AO83: 송상이 | AP83: 1089593398 | AR83: 41 | AS83: =IF( OR(표3[[#This Row],[생년월일]]="", ISBLANK(표3[[#This Row],[생년월일]])), "", IFERROR( _xlfn.LET( _xlpm.y, VALUE(표3[[#This Row],[생년월일]]), _xlpm.yyyy, IF(_xlpm.y<100, IF(_xlpm.y>25, 1900+_xlpm.y, 2000+_xlpm.y), _xlpm.y), _xlpm.age, YEAR(TODAY())-_xlpm.yyyy, IF( _xlpm.age<40,"40대 미만", IF(_xlpm.age<50,"40대", IF(_xlpm.age<60,"50대", IF(_xlpm.age<70,"60대", IF(_xlpm.age<80,"70대","80대 이상") )))) ), "") ) -> 80대 이상 | AT83: 부천시 소사구 송내동 593-20 | AW83: =IF(COUNTIF('설명회 참석자 명부'!$W$4:$W$29,표3[[#This Row],[성 명]])>0,"O","") -> O | AX83: =_xlfn.XLOOKUP(표3[[#This Row],[성 명]],'설명회 참석자 명부'!$W$4:$W$29,'설명회 참석자 명부'!$X$4:$X$29,"") -> 반송 | BK83: =IFERROR(LEFT(표3[[#This Row],[주소]],FIND(" ",표3[[#This Row],[주소]])-1),"") -> 부천시 | BL83: =IFERROR(MID(표3[[#This Row],[주소]], FIND(" ", 표3[[#This Row],[주소]])+1, FIND(" ", 표3[[#This Row],[주소]], FIND(" ", 표3[[#This Row],[주소]])+1) - FIND(" ", 표3[[#This Row],[주소]])-1),"") -> 소사구 | BM83: =IFERROR(MID(표3[[#This Row],[주소]], FIND(" ", 표3[[#This Row],[주소]], FIND(" ", 표3[[#This Row],[주소]])+1)+1, FIND(" ", 표3[[#This Row],[주소]], FIND(" ", 표3[[#This Row],[주소]], FIND(" ", 표3[[#This Row],[주소]])+1)+1) - FIND(" ", 표3[[#This Row],[주소]], FIND(" ", 표3[[#This Row],[주소]])+1)-1),"") -> 송내동 | BY83: 다세대 | BZ83: 56.1 | CA83: 31.94 | CB83: 382000000 | CC83: 382000000 | CD83: =표3[[#This Row],[종전추정가액]]*1.5219 -> 581365800
B84: 53 | C84: 28 | D84: 11 | E84: 그린파크빌라 | F84: 201 | R84: 0 | S84: 31.94 | T84: =표3[[#This Row],[편입면적]]/(SUM(표3[공부면적])) -> 0.0039905047 | W84: 56.1 | X84: 5.07 | Y84: 61.17 | AE84: {=IF(표3[[#This Row],[사용승인일자]]="","", IFERROR( _xlfn.IFS( AND(ISNUMBER(SEARCH("공동",표3[[#This Row],[주용도]])), ISNUMBER(SEARCH("철",표3[[#This Row],[주구조]])), 표3[[#This Row],[건물연령]]>=30), "O", AND(ISNUMBER(SEARCH("공동",표3[[#This Row],[주용도]])), COUNTIF(표3[[#This Row],[주구조]],"<>*철*"), 표3[[#This Row],[건물연령]]>=20), "O", AND(COUNTIF(표3[[#This Row],[주용도]],"<>*공동*"), COUNTIF(표3[[#This Row],[주용도]],"<>*단독*"), ISNUMBER(SEARCH("철",표3[[#This Row],[주구조]])), 표3[[#This Row],[건물연령]]>=30), "O", AND(COUNTIF(표3[[#This Row],[주용도]],"<>*공동*"), COUNTIF(표3[[#This Row],[주구조]],"<>*철*"), 표3[[#This Row],[건물연령]]>=20), "O", AND(COUNTIF(표3[[#This Row],[주용도]],"<>*공동*"), ISNUMBER(SEARCH("주택",표3[[#This Row],[주용도]])), 표3[[#This Row],[건물연령]]>=20), "O" ), "") )} | AG84: 철근콘크리트구조 | AI84: 공동주택 | AO84: 조정이 | AP84: 1090890638 | AR84: 47 | AS84: =IF( OR(표3[[#This Row],[생년월일]]="", ISBLANK(표3[[#This Row],[생년월일]])), "", IFERROR( _xlfn.LET( _xlpm.y, VALUE(표3[[#This Row],[생년월일]]), _xlpm.yyyy, IF(_xlpm.y<100, IF(_xlpm.y>25, 1900+_xlpm.y, 2000+_xlpm.y), _xlpm.y), _xlpm.age, YEAR(TODAY())-_xlpm.yyyy, IF( _xlpm.age<40,"40대 미만", IF(_xlpm.age<50,"40대", IF(_xlpm.age<60,"50대", IF(_xlpm.age<70,"60대", IF(_xlpm.age<80,"70대","80대 이상") )))) ), "") ) -> 70대 | AT84: 울산시 서부동 248-24 성원쌍떼빌 105-1801 | AW84: =IF(COUNTIF('설명회 참석자 명부'!$W$4:$W$29,표3[[#This Row],[성 명]])>0,"O","") | AX84: =_xlfn.XLOOKUP(표3[[#This Row],[성 명]],'설명회 참석자 명부'!$W$4:$W$29,'설명회 참석자 명부'!$X$4:$X$29,"") | BK84: =IFERROR(LEFT(표3[[#This Row],[주소]],FIND(" ",표3[[#This Row],[주소]])-1),"") -> 울산시 | BL84: =IFERROR(MID(표3[[#This Row],[주소]], FIND(" ", 표3[[#This Row],[주소]])+1, FIND(" ", 표3[[#This Row],[주소]], FIND(" ", 표3[[#This Row],[주소]])+1) - FIND(" ", 표3[[#This Row],[주소]])-1),"") -> 서부동 | BM84: =IFERROR(MID(표3[[#This Row],[주소]], FIND(" ", 표3[[#This Row],[주소]], FIND(" ", 표3[[#This Row],[주소]])+1)+1, FIND(" ", 표3[[#This Row],[주소]], FIND(" ", 표3[[#This Row],[주소]], FIND(" ", 표3[[#This Row],[주소]])+1)+1) - FIND(" ", 표3[[#This Row],[주소]], FIND(" ", 표3[[#This Row],[주소]])+1)-1),"") -> 248-24 | BY84: 다세대 | BZ84: 56.1 | CA84: 31.94 | CB84: 403000000 | CC84: 403000000 | CD84: =표3[[#This Row],[종전추정가액]]*1.5219 -> 613325700
